Building ID,yield drift,yield force,peak drift,peak force,2% drift,2% force,2% area,fitted initial stiffness,fitted hardening stiffness,fitted hardening ratio,hardening ratio
0,0.008631225,0.527950646,0.04,0.5730506670000001,0.02,0.548774222,0.008390455,60.82046599,1.5358600669999998,0.025252356,0.025252356
1,0.008394366,0.552554242,0.0225641,0.6062835560000001,0.02,0.602612778,0.00904574,65.7420162,4.418895341,0.067215695,0.05
2,0.007875779,0.5235733220000001,0.00955128,0.545326141,0.02,0.54168202,0.008638209,66.47864533,14.386367300000002,0.21640584300000001,0.05
3,0.008010216,0.913666566,0.00929487,0.996107627,0.00929487,0.996107627,0.00488604,114.0626713,64.18726498,0.56273682,0.05
4,0.008620266,0.608565396,0.012948699999999999,0.6680302220000001,0.02,0.664969444,0.010107368,70.46166435,15.48927131,0.21982551,0.05
5,0.008435499,0.5470470789999999,0.0149359,0.620076364,0.02,0.6175357579999999,0.009279473,64.77643519,13.21866091,0.20406589,0.05
6,0.008419761,0.554187191,0.014679499999999998,0.594090667,0.02,0.5911096889999999,0.009114961999999999,65.73608109,7.986994049,0.121500916,0.05
7,0.008167866,0.9102869790000001,0.010576899999999998,0.999048222,0.010576899999999998,0.999048222,0.006027638,111.43326119999999,40.13502629,0.360170975,0.05
8,0.008423106999999999,0.678965018,0.013397399999999999,0.76034804,0.02,0.757953535,0.011479805,80.5303842,18.38082694,0.22824710399999998,0.05
9,0.011364255,0.66909513,0.0175641,0.7134350220000001,0.02,0.712672889,0.009844449,58.71604927,7.628216335,0.129917057,0.05
10,0.01055381,0.6969681870000001,0.028760700000000004,0.6983787779999999,0.02,0.697805,0.010265709,66.03596637,0.083407757,0.001263066,0.001263066
11,0.010065873000000001,0.634397845,0.0101709,0.636099556,0.02,0.635526869,0.009509074000000001,63.02462009,17.573392000000002,0.278833763,0.05
12,0.012073125,0.751871672,0.0163675,0.8209640890000001,0.02,0.819520356,0.010911927,62.24506184,17.61049404,0.28292194600000004,0.05
13,0.011864725,0.7309229140000001,0.0399573,0.753305,0.02,0.7443638890000001,0.010329799999999998,61.22085206,0.9562182229999999,0.015619158999999999,0.015619158999999999
14,0.011109738999999999,0.738290617,0.0183761,0.784137778,0.02,0.7835834340000001,0.010952478,66.34255726,7.8222534470000005,0.11790702300000001,0.05
15,0.011606865,0.9806006820000001,0.0121368,0.9988136000000001,0.0121368,0.9988136000000001,0.006215663000000001,84.48257777,35.74158857,0.42306460700000004,0.05
16,0.011979428,0.739228358,0.0168803,0.809323778,0.02,0.8080977779999999,0.010766743999999998,61.68863638,15.95412969,0.258623478,0.05
17,0.012385817,0.7548734420000001,0.0399573,0.768740929,0.02,0.7676004040000001,0.01046399,60.48204775,0.710114548,0.011740914,0.011740914
18,0.013997158999999999,0.6948132459999999,0.021153799999999997,0.7527612440000001,0.02,0.7451760000000001,0.009222560999999999,49.36207338,8.743951852,0.17713907199999998,0.05
19,0.012920206000000002,0.643776396,0.0135256,0.652604333,0.02,0.652165,0.008775202,49.82693212,15.21117812,0.30528024600000003,0.05
20,0.011114405,0.7632444970000001,0.028333299999999995,0.778507556,0.02,0.778110303,0.011108593,68.32122999,1.272798695,0.018629622,0.018629622
21,0.015052151000000001,0.750420247,0.0188782,0.8035235559999999,0.02,0.803059733,0.009531872,49.84198785,15.07708014,0.30249756899999997,0.05
22,0.01533353,0.686396703,0.04,0.701971111,0.02,0.695572778,0.008499045,44.34881615,0.808249057,0.018224817,0.018224817
23,0.013925628,0.667362063,0.024359,0.697012768,0.02,0.689473535,0.008778973,47.82194657,3.332300451,0.069681406,0.05
24,0.015136633,0.7353544670000001,0.0200962,0.801968178,0.02,0.8018625779999999,0.009330541,48.51663425,15.25744831,0.314478705,0.05
25,0.014975556000000001,0.7475096720000001,0.0194231,0.800808333,0.02,0.8005665559999999,0.009517223,49.9072547,13.398781900000001,0.268473631,0.05
26,0.015254811,0.799580614,0.04,0.813566061,0.02,0.810191111,0.009913662,52.07457049,0.7736586879999999,0.014856746,0.014856746
27,0.009611941,0.5696299539999999,0.04,0.622069333,0.02,0.596139556,0.008746752,59.16997979999999,1.909479304,0.032271083,0.032271083
28,0.009003236999999999,0.6131430489999999,0.0169231,0.663273778,0.02,0.662231667,0.009887328,68.05707121,7.326555607,0.10765311300000001,0.05
29,0.008575363,0.6185434,0.0169231,0.681798707,0.02,0.6808521209999999,0.010214809,72.08768557,8.63950824,0.11984721300000001,0.05
30,0.009002835,0.9005307229999999,0.0122436,0.99853552,0.0122436,0.99853552,0.007147852,99.95722306,32.86668792,0.328807533,0.05
31,0.009549695,0.589573831,0.0187821,0.659662111,0.02,0.659012778,0.009471399,61.54105093,9.386757258,0.152528387,0.05
32,0.009732374,0.631986829,0.04,0.660126061,0.02,0.657050101,0.009648005999999999,64.27724493,1.272039742,0.019789892,0.019789892
33,0.010496217,0.7400360779999999,0.04,0.7680540440000001,0.02,0.765928356,0.011005573000000001,69.62571627,1.331982892,0.019130617,0.019130617
34,0.008953928,0.8768938140000001,0.0139744,0.998982222,0.0139744,0.998982222,0.008653116,97.88517336,25.60590304,0.26159123100000004,0.05
35,0.009396494,0.662665927,0.02,0.751377374,0.02,0.751377374,0.010733686999999999,70.31421787,10.38275517,0.147662244,0.05
36,0.012154928999999998,0.756724912,0.0169231,0.7859804440000001,0.02,0.785330667,0.010701839,62.25156364,6.760914037,0.10860633300000001,0.05
37,0.011147468999999998,0.663657566,0.0133761,0.6861805559999999,0.02,0.685880556,0.009750939,59.53064391,11.41682507,0.191780641,0.05
38,0.010455616,0.692879228,0.013418799999999998,0.732680566,0.02,0.732591111,0.010562145,66.26529897,14.78114922,0.22306017600000003,0.05
39,0.013049293,0.795113326,0.023504300000000002,0.887912178,0.02,0.878304889,0.010998038,60.83137252,10.72776548,0.176352514,0.05
40,0.012560998,0.7523616390000001,0.0226923,0.843922,0.02,0.8376716670000001,0.010649631000000001,59.80391656,10.89780971,0.18222568600000003,0.05
41,0.012044691000000001,0.7203425940000001,0.022265,0.776137455,0.02,0.773933333,0.010315589,59.64870048,6.878547751,0.115317646,0.05
42,0.012413452,0.940919561,0.0142308,0.9987553779999999,0.0142308,0.9987553779999999,0.007603171999999999,75.79635953,32.09733303,0.423468003,0.05
43,0.01296504,0.794502075,0.0241453,0.8828875559999999,0.02,0.877606111,0.011009028999999998,61.189089100000004,9.898675589,0.161771906,0.05
44,0.012795777,0.846014232,0.0399573,0.8706956770000001,0.02,0.8675018179999999,0.011543157,65.65082395,1.263538758,0.01924635,0.01924635
45,0.014995776,0.6839960629999999,0.0241026,0.739948267,0.02,0.717711111,0.008652901999999999,45.45946579,6.577145512,0.14468154,0.05
46,0.013571183999999998,0.723692277,0.016089700000000002,0.752009556,0.02,0.751909444,0.00971289,53.32437075,12.30755085,0.230805365,0.05
47,0.011328887,0.708334217,0.0138782,0.764758869,0.02,0.7647187879999999,0.010573571,62.52078710000001,22.66314585,0.36248977200000004,0.05
48,0.016145249,0.84981526,0.04,0.8774808890000001,0.02,0.861776,0.010140023,52.30992711,1.483094556,0.028352067,0.028352067
49,0.015281599,0.740896104,0.025641000000000004,0.7882681109999999,0.02,0.7789461109999999,0.00923199,48.38159006,5.762368843,0.119102511,0.05
50,0.014946505,0.750546904,0.0375321,0.813120081,0.02,0.768326869,0.009444066,49.76811927,3.447733398,0.06927594299999999,0.05
51,0.016291292,0.7671947709999999,0.023974400000000003,0.850630222,0.02,0.817141511,0.009191312,46.98965773,12.01114817,0.255612591,0.05
52,0.016142897,0.858638633,0.04,0.8788866670000001,0.02,0.8702846670000001,0.010232489,52.90980065,1.202137464,0.022720506,0.022720506
53,0.015304541999999999,0.7441747870000001,0.0249359,0.803754505,0.02,0.790426263,0.009285728,48.52177187,7.901360819,0.162841556,0.05
54,0.010022547,0.650904943,0.04,0.726064,0.02,0.689702222,0.009884822,64.68000971,3.0158814119999997,0.04662772,0.04662772
55,0.00966599,0.592232075,0.022756400000000003,0.654963444,0.02,0.649070556,0.009312706,61.11577510000001,5.687730598,0.093064853,0.05
56,0.009215645,0.5981981679999999,0.0223077,0.673493495,0.02,0.667350707,0.009628176,64.75362343,6.766022496000001,0.104488709,0.05
57,0.009409054,0.887626279,0.014679499999999998,0.998843556,0.014679499999999998,0.998843556,0.009168665,94.23125066,22.29892316,0.236640425,0.05
58,0.010220195,0.7266287459999999,0.04,0.767708889,0.02,0.759132778,0.010932283000000001,70.12053166,1.833302513,0.026145017000000003,0.026145017000000003
59,0.009728625,0.7092370809999999,0.04,0.746090505,0.02,0.738520808,0.010849778999999999,71.90094174,1.621089059,0.022546145,0.022546145
60,0.009068692,0.752314991,0.021859,0.7965420440000001,0.02,0.793859911,0.011929273999999998,82.48500458,4.322100562,0.052398622,0.05
61,0.008948521999999999,0.8623397140000001,0.0149359,0.9990093329999999,0.0149359,0.9990093329999999,0.009449230999999999,96.31383987,23.73712273,0.24645599,0.05
62,0.009031798,0.757307712,0.0267949,0.81671701,0.02,0.805558384,0.012030055,83.09124414,4.044584348,0.048676421,0.048676421
63,0.012600591999999999,0.7488730659999999,0.0259402,0.8259303109999999,0.02,0.798902222,0.010438434,59.39999276,6.413262897999999,0.10796740199999999,0.05
64,0.011915004,0.847715828,0.0340598,0.858249444,0.02,0.8572705559999999,0.011935291,71.00631832,0.661878549,0.009321404,0.009321404
65,0.011094506,0.673159345,0.0166239,0.7250117979999999,0.02,0.724685657,0.010067064,60.64557995,10.56944304,0.17428216600000002,0.05
66,0.013454192,0.8874163829999999,0.0278632,0.9921256890000001,0.02,0.9675831109999999,0.011977426999999999,65.76197957,9.014914716,0.13708399300000002,0.05
67,0.013698063,0.8867055429999999,0.03948719999999999,0.945465222,0.02,0.9216394440000001,0.011684357,64.19833821,3.0032587339999997,0.046780942,0.046780942
68,0.012602806999999999,0.785472912,0.0381624,0.853928485,0.02,0.819236768,0.010819421000000001,62.03387316,3.286263692,0.05297531,0.05
69,0.012662623999999999,0.915185915,0.0160256,0.999982578,0.0160256,0.999982578,0.009027269000000001,72.22505268,26.71280135,0.369855062,0.05
70,0.013533033,0.8958151440000001,0.0301709,0.9821770000000001,0.02,0.963936111,0.01198725,65.92579987,6.78088086,0.102856255,0.05
71,0.012644272,0.801557574,0.0264957,0.8624546259999999,0.02,0.860845657,0.011158027,63.147153700000004,5.882989746,0.093163182,0.05
72,0.015138245,0.787206215,0.0187821,0.813718933,0.02,0.8137075559999999,0.009873352,51.9904036,8.152931927000001,0.156816092,0.05
73,0.014222671999999999,0.70467321,0.018910299999999998,0.744092778,0.02,0.7439716670000001,0.009230753000000001,49.53633434,9.41578935,0.19007844399999999,0.05
74,0.01229191,0.7037291859999999,0.014070500000000001,0.757192808,0.02,0.756550707,0.010116459,57.25088069,32.7133049,0.571402649,0.05
75,0.016906194,0.833088608,0.04,0.8667964440000001,0.02,0.8332503109999999,0.009610279000000001,48.99816104,1.95858357,0.039972593,0.039972593
76,0.015921473000000002,0.807845112,0.04,0.865804444,0.02,0.817545,0.009737901,50.43800051,2.9238943139999996,0.057970068,0.05
77,0.015597399999999999,0.733317917,0.04,0.8015224240000001,0.02,0.745189091,0.008970178,46.67411988,3.468256423,0.074307913,0.05
78,0.017736196,0.861932568,0.0322436,0.937710044,0.02,0.8716030220000001,0.009593595,48.50716868,6.729709562,0.138736392,0.05
79,0.016135906000000002,0.8075054770000001,0.0281731,0.869247111,0.02,0.838016667,0.009678944,49.92790497,6.669765739,0.133587935,0.05
80,0.016359818,0.737764393,0.0307692,0.7938611720000001,0.02,0.758328485,0.008743208,44.9410741,5.159435322,0.114804451,0.05
81,0.009455317,0.365397883,0.0194104,0.38195070700000006,0.0200002,0.381943556,0.0057042709999999995,38.40939864,2.185936543,0.056911500999999996,0.05
84,0.00914992,0.35253727,0.0185385,0.37638473100000003,0.02,0.37637991299999995,0.005623520999999999,38.37804075,3.2759556,0.08536015699999999,0.05
87,0.009152703,0.283427775,0.015859,0.30601394,0.02,0.304953623,0.004554732,30.85708819,3.8742571619999997,0.125554853,0.05
90,0.009890479,0.337428314,0.0182179,0.353213987,0.02,0.35292418299999995,0.005206139,33.86978877,2.485166141,0.073374126,0.05
93,0.008839791999999999,0.305943127,0.0142308,0.32999306100000003,0.02,0.329114173,0.004983355,34.48689513,5.200238999,0.150788843,0.05
96,0.008558285,0.268433926,0.0190897,0.29277795100000004,0.02,0.292350059,0.00440725,31.15248483,2.83930774,0.09114225599999999,0.05
99,0.008023818,0.28392255,0.0195514,0.290697585,0.020000099999999996,0.290677295,0.004592702,35.245456700000005,0.74457007,0.021125277999999997,0.021125277999999997
102,0.009442029000000001,0.310579182,0.022102599999999997,0.321156869,0.02,0.320646831,0.004817796,32.6683277,1.05022215,0.032148023,0.032148023
105,0.008927089000000001,0.281365372,0.0176923,0.289838959,0.02,0.289685205,0.004444289000000001,31.40107871,1.270853815,0.040471661,0.040471661
108,0.009765543,0.42122754100000004,0.0242181,0.43442618200000005,0.020000099999999996,0.432713455,0.006435233,42.94615874,1.12233188,0.026133464,0.026133464
111,0.010683918,0.323950975,0.0159231,0.34146027,0.02,0.340016781,0.0048746629999999996,30.29250663,4.022992858,0.132804885,0.05
114,0.010005276,0.358691298,0.019025599999999997,0.383428882,0.02,0.383016804,0.00555114,35.64363452,3.376608375,0.09473243699999999,0.05
117,0.00903713,0.40342441100000004,0.0241283,0.414804967,0.020000099999999996,0.41381934600000003,0.006307105,44.47685368,0.9306711440000001,0.020924842,0.020924842
120,0.009803739,0.316108922,0.015243600000000001,0.343622996,0.02,0.342705204,0.004998605,32.13656454,6.179229174,0.192280328,0.05
123,0.009619239,0.34293580700000004,0.0152179,0.36700364799999996,0.02,0.365847806,0.005399146,35.63177218,4.851528898,0.136157384,0.05
126,0.008132782,0.316511337,0.0207949,0.329080386,0.02,0.328996329,0.005137664,38.72683099,1.223673491,0.031597562999999995,0.031597562999999995
129,0.009414484,0.290205217,0.021012799999999998,0.296499004,0.02,0.29628497,0.004482644,30.72429239,0.689538988,0.022442795,0.022442795
132,0.009548855,0.264781103,0.0197051,0.282978338,0.02,0.282918919,0.004180456,27.29212258,2.394700896,0.0877433,0.05
135,0.009273104,0.300393681,0.018286900000000002,0.314189495,0.0200002,0.314027475,0.004724686,32.16591288,1.9649658230000002,0.061088452,0.05
138,0.010925441999999999,0.356867475,0.0267133,0.365636719,0.02,0.364813624,0.005239204,32.38176376,0.7329185009999999,0.022633681,0.022633681
141,0.009736605,0.251353326,0.0221562,0.255873298,0.02,0.255638519,0.0038341770000000002,25.72070364,0.46382498299999997,0.018033137,0.018033137
144,0.009078312,0.280608276,0.020046599999999998,0.294117908,0.02,0.294110065,0.004443645,30.66849338,1.592734044,0.051933886,0.05
147,0.008937044,0.29380405,0.0182517,0.30195131199999997,0.02,0.301610667,0.004638519,32.54808619,1.112173433,0.034170163999999996,0.034170163999999996
150,0.008898033,0.259652224,0.018053599999999996,0.265697267,0.02,0.265127765,0.004096713,28.88486369,0.855352172,0.02961247,0.02961247
153,0.007653936,0.24894079300000002,0.0159908,0.259781643,0.020000099999999996,0.258242512,0.004131955,32.15796447,1.657420801,0.05153997900000001,0.05
156,0.008774124,0.282700984,0.021386900000000004,0.29116269300000003,0.02,0.291103842,0.004482313,31.91464565,0.860006455,0.026947078,0.026947078
159,0.008653908,0.257000067,0.0180769,0.264542142,0.02,0.264233834,0.004095954000000001,29.42982258,0.9840803909999999,0.033438203,0.033438203
162,0.009991856,0.373953059,0.0232519,0.391953535,0.020000099999999996,0.390528081,0.005700801,37.37105716,1.6877037719999999,0.045160717999999996,0.045160717999999996
165,0.01039856,0.32042573,0.020081599999999998,0.334409969,0.02,0.334403988,0.004829178,30.77683414,1.828312648,0.059405480999999996,0.05
168,0.010218728,0.37439338200000005,0.024918400000000004,0.38890666700000004,0.02,0.38663054700000005,0.0056413159999999995,36.54019518,1.177281725,0.032218813,0.032218813
171,0.008758163000000001,0.35281680600000004,0.022470900000000002,0.366227974,0.020000099999999996,0.36592183,0.005598888000000001,40.18098698,1.282840672,0.03192656,0.03192656
174,0.009847930999999999,0.270233608,0.0168298,0.284296487,0.02,0.283718652,0.004185353,27.33873667,2.566731663,0.09388625699999999,0.05
177,0.009718173,0.300214276,0.0222378,0.308124036,0.02,0.30782304,0.0045947340000000005,30.82457332,0.8085854159999999,0.026231845,0.026231845
180,0.009201477,0.33384446100000004,0.019056,0.357876329,0.02,0.357617585,0.005317221,36.09721867,3.002438704,0.083176456,0.05
183,0.009144821,0.28474865,0.019160800000000002,0.29794855,0.02,0.29760578,0.004488965,31.07213508,1.640123936,0.052784397999999996,0.05
186,0.009459289000000001,0.307758448,0.024615400000000003,0.31628828800000003,0.02,0.315546747,0.0047498029999999995,32.43863305,0.7273400529999999,0.022422032,0.022422032
189,0.010219398000000001,0.37540734600000003,0.0171475,0.405410141,0.020000099999999996,0.39666181799999994,0.005781815,36.62320389,4.877623057,0.133183953,0.05
192,0.010815766999999999,0.373867149,0.0180235,0.40233370700000004,0.02,0.396595639,0.005632156,34.43162791,4.542848007,0.131938229,0.05
195,0.010137884,0.34435667299999995,0.0151923,0.37283389100000003,0.02,0.371986737,0.0053709,33.78518674,6.642834153,0.19661972600000002,0.05
198,0.009557636,0.331802781,0.0191988,0.36176758200000003,0.020000099999999996,0.35972915,0.005254221999999999,34.44042105,3.6929082010000003,0.10722598900000001,0.05
201,0.009451893000000001,0.36594714899999997,0.018429499999999998,0.39707802200000003,0.02,0.397019986,0.005815555,38.45948381,4.111163153,0.10689595199999999,0.05
204,0.009677049,0.290070885,0.018429499999999998,0.317855837,0.02,0.313267739,0.0045935,29.8042479,3.8519694610000004,0.129242297,0.05
207,0.008191025,0.308266158,0.0150107,0.340142609,0.02,0.32634589399999997,0.005168512,37.41632469,5.736336567,0.153311064,0.05
210,0.009095573000000001,0.346724498,0.0202457,0.366622967,0.02,0.36654327299999995,0.005512726,37.66630881,2.269510866,0.060253073,0.05
213,0.009953847,0.313070613,0.021089700000000003,0.326458458,0.02,0.326374535,0.004805167,31.09985657,1.595695686,0.05130878,0.05
216,0.010627998,0.41992783200000006,0.0171049,0.445666424,0.0200002,0.43670181799999996,0.006324852,39.46698182,4.68373121,0.11867467400000001,0.05
219,0.011541985,0.38458189600000003,0.0192308,0.41097237799999997,0.02,0.40872074799999997,0.005611921,33.26820166,3.949470002,0.118716065,0.05
222,0.011173151000000001,0.41910410299999995,0.017243599999999998,0.449814744,0.02,0.442017637,0.0062267369999999996,37.44308224,5.856956401000001,0.156422924,0.05
225,0.009527709,0.389821055,0.0149894,0.415624837,0.020000099999999996,0.401414641,0.006116091,40.83273499,5.592229357000001,0.136954563,0.05
228,0.010894652,0.338402859,0.0173507,0.360202323,0.0200003,0.35242047299999996,0.005054884,31.00357299,3.978314184,0.128317926,0.05
231,0.010541683,0.368505601,0.015555600000000001,0.39237517200000005,0.02,0.379850421,0.005582297,34.88061308,5.718509251,0.163945205,0.05
234,0.008882569,0.38425268799999995,0.015566299999999998,0.428410435,0.02,0.41655111100000003,0.0063325709999999995,42.99355277,7.78805059,0.181144616,0.05
237,0.010223095,0.31430863600000003,0.014925399999999998,0.332734844,0.0200002,0.317950914,0.004788571,30.68850769,4.81157275,0.156787446,0.05
240,0.009983325,0.39215688200000004,0.0161752,0.425983103,0.02,0.425338458,0.006152446,39.08946873,6.724957507999999,0.172040136,0.05
243,0.012115653999999998,0.38618086100000004,0.0233213,0.399056485,0.0200008,0.398564646,0.005458645,31.55505624,1.554488684,0.049262745,0.049262745
246,0.012702214,0.39072597,0.0241026,0.421813499,0.02,0.41617163,0.005465546,30.28413409,3.247801467,0.107244323,0.05
249,0.010366528,0.330985025,0.019,0.36122311100000004,0.02,0.360869192,0.005090808,31.78572647,3.9962851169999998,0.12572577599999998,0.05
252,0.010853382,0.39253098,0.022872299999999998,0.411681046,0.0200005,0.411403739,0.005840989,35.75076127,2.155511408,0.060292742,0.05
255,0.013030948999999998,0.38301617200000004,0.023141,0.39847248700000004,0.02,0.39660990399999996,0.005257689,28.89406269,1.883628551,0.06519085200000001,0.05
258,0.01185534,0.34193391,0.021653799999999997,0.36894904700000003,0.02,0.367070181,0.004952929,28.49187944,3.322148237,0.116599828,0.05
261,0.010148135,0.362696522,0.022846599999999998,0.377877874,0.0200004,0.37755806799999997,0.00553559,35.03095688,1.648901034,0.047069825999999995,0.047069825999999995
264,0.01065099,0.328425707,0.0232692,0.34202728,0.02,0.34177366200000003,0.00492084,30.30252699,1.4467472430000001,0.047743452,0.047743452
267,0.009763121999999999,0.335055216,0.0202051,0.37043658100000004,0.02,0.37018714700000005,0.005304283000000001,33.87316236,4.122787446,0.121712505,0.05
270,0.013319505,0.497968321,0.0187828,0.534899919,0.0200007,0.5346304239999999,0.006823215,37.20612891,8.432552161,0.22664416899999998,0.05
273,0.012882751000000001,0.413372125,0.0173077,0.42763401,0.02,0.42542886799999996,0.005690869,31.9900145,4.267364808,0.133396776,0.05
276,0.011293481000000001,0.339879717,0.019564099999999997,0.372854377,0.02,0.37281941399999996,0.005089149,29.78045742,5.150436475,0.172946856,0.05
279,0.011394635,0.40852309,0.026667000000000003,0.421744575,0.0200004,0.41734248399999996,0.005889884000000001,35.63276543,0.957564638,0.02687315,0.02687315
282,0.012844393,0.38703217700000003,0.0245641,0.404382509,0.02,0.401790325,0.005345745,29.70263621,1.882016844,0.063361946,0.05
285,0.012570238999999999,0.459191985,0.025717900000000002,0.467265594,0.02,0.46548802,0.00633183,36.39816769,0.750846302,0.020628683999999998,0.020628683999999998
288,0.012243334,0.42917700299999995,0.028910500000000002,0.44431265700000006,0.0200002,0.441531787,0.0060407759999999994,34.35762383,1.176967324,0.034256366,0.034256366
291,0.010537428,0.353230285,0.0244872,0.38477223899999996,0.02,0.38169256700000004,0.005374232,33.07130085,2.882928699,0.08717312699999999,0.05
294,0.010384474,0.32981865899999996,0.017089700000000003,0.385874386,0.02,0.385164797,0.005278153000000001,31.54305085,9.801007634,0.310718443,0.05
297,0.011320729,0.319624894,0.0209912,0.32843798,0.0200005,0.328360485,0.004634216,28.11830397,1.193276171,0.042437700999999994,0.042437700999999994
300,0.01328483,0.336915129,0.0288462,0.35113437200000003,0.02,0.34852486,0.00454924,25.11429591,1.204627914,0.047965825,0.047965825
303,0.011745845,0.313324339,0.020629400000000003,0.321604233,0.02,0.321541305,0.004484115,26.45300627,1.205998512,0.045590225,0.045590225
306,0.010128099,0.302854313,0.0254429,0.31602902,0.02,0.31480104600000003,0.00458931,29.79282221,1.10650964,0.037140142,0.037140142
309,0.010285865,0.279524323,0.0242541,0.299679197,0.02,0.298374194,0.004260988,26.91534313,1.822641512,0.06771756599999999,0.05
312,0.011089983999999999,0.258518932,0.029358999999999996,0.287085364,0.02,0.27654212,0.003843103,22.76911486,1.772828532,0.077861109,0.05
315,0.009470038,0.24908913,0.026608499999999997,0.27628811600000003,0.020000099999999996,0.269822609,0.0039319279999999995,25.78358657,1.849067965,0.071714925,0.05
318,0.009783279,0.26689815699999997,0.02162,0.281937515,0.02,0.28148282399999996,0.004132302,27.00952874,1.5836180930000001,0.05863183,0.05
321,0.010184818,0.292496475,0.0262238,0.306587548,0.02,0.304666907,0.004432436,28.46028331,1.113697164,0.039131626,0.039131626
324,0.012315336000000001,0.361162441,0.028333799999999996,0.376506667,0.0200005,0.37457212100000004,0.005040291,29.25595592,1.253810642,0.042856595,0.042856595
327,0.011688968999999999,0.339264524,0.0200583,0.364134746,0.02,0.36408456899999997,0.004927336,28.98291571,3.525002043,0.121623445,0.05
330,0.012278233999999999,0.324411909,0.027610700000000002,0.33874991200000004,0.02,0.33686575,0.004547826,26.27003315,1.214868412,0.046245407999999995,0.046245407999999995
333,0.010623083,0.32224553699999997,0.025629700000000002,0.34051085,0.0200003,0.33634562100000004,0.004811949,30.04430494,1.407737363,0.046855380999999995,0.046855380999999995
336,0.01149003,0.292784092,0.0261538,0.30682563399999996,0.02,0.303739412,0.00422319,25.41679245,1.150959469,0.045283427,0.045283427
339,0.011147331000000002,0.29004699899999997,0.024125900000000002,0.30089399699999997,0.02,0.298950294,0.004228354,25.97458417,0.976471834,0.037593358,0.037593358
342,0.011339785,0.322375357,0.0242426,0.34438029,0.0200002,0.34316541100000003,0.00471959,28.2500266,2.200021991,0.07787681099999999,0.05
345,0.00991461,0.326089891,0.0246387,0.34674566,0.02,0.34355179,0.00500436,32.77449347,1.6872101430000002,0.051479366,0.05
348,0.011010108000000001,0.294389868,0.027272700000000004,0.305254535,0.02,0.30339011,0.004315785,26.57219842,0.848502456,0.031931963,0.031931963
351,0.011118143,0.36404639899999996,0.0194234,0.397405657,0.0200003,0.395610101,0.005438028,32.65626128,4.661961917,0.14275859300000002,0.05
354,0.01203677,0.363005794,0.019797,0.396596968,0.02,0.395947664,0.0052396890000000005,30.08592413,5.056274163,0.16806112199999998,0.05
357,0.011906251999999999,0.34266913,0.0190705,0.36399097,0.02,0.36387724899999996,0.0049517070000000005,28.51608712,3.883581563,0.13618914599999998,0.05
360,0.010017581999999999,0.327204002,0.019978599999999996,0.356298039,0.02,0.356289935,0.005102004,32.47732982,3.766314149,0.115967482,0.05
363,0.010607061999999999,0.31545091399999997,0.017425200000000002,0.35881519700000003,0.02,0.350756244,0.004909009000000001,29.63903931,7.142452627000001,0.240981246,0.05
366,0.011502305,0.323950765,0.023899599999999997,0.340686386,0.02,0.339020996,0.004703582,27.90056024,1.729872106,0.062001339,0.05
369,0.010672163,0.37927259,0.022372,0.3979743,0.0200002,0.396557101,0.005667154000000001,35.25936621,1.9954713469999998,0.056594079000000005,0.05
372,0.01109835,0.338932315,0.023023500000000002,0.351681226,0.02,0.350718774,0.004978796,30.19745606,1.36722927,0.045276305999999995,0.045276305999999995
375,0.010681071,0.308868835,0.022318400000000002,0.319530731,0.02,0.31911575600000003,0.004598903,28.68148634,1.209840971,0.042181948,0.042181948
378,0.011698496999999999,0.45937244299999996,0.019231099999999998,0.496111111,0.0200003,0.49349575799999995,0.006686025,39.21990743,5.64387567,0.14390334,0.05
381,0.012721143,0.373038026,0.0207799,0.401746874,0.02,0.40127900299999997,0.005204892,29.28996769,4.19617032,0.143263057,0.05
384,0.013343711999999999,0.40598167700000004,0.0213141,0.440071393,0.02,0.438980741,0.005534430999999999,30.369436,5.118119443,0.16852863,0.05
387,0.010618011,0.375974078,0.0171796,0.407717386,0.020000099999999996,0.398414902,0.005724278,35.3458433,5.8082150079999995,0.164325263,0.05
390,0.011865916,0.40020346,0.018312000000000002,0.435839541,0.02,0.430440373,0.005827455,33.66560463,6.631934737000001,0.196994375,0.05
393,0.012509606000000001,0.354157096,0.0192842,0.383740894,0.02,0.381399745,0.00501358,28.25162319,5.255029401,0.18600805199999998,0.05
396,0.010144185,0.334354374,0.0158548,0.362908213,0.020000099999999996,0.34932541100000003,0.00518115,32.90627333,6.1694072779999996,0.18748422899999997,0.05
399,0.011064072,0.335312509,0.0182692,0.37922749899999997,0.02,0.375478752,0.005117713,30.19959457,7.166310804,0.237298245,0.05
402,0.010529693,0.341790339,0.016784200000000003,0.394797357,0.02,0.384664024,0.00538042,32.28784423,9.218394199,0.285506649,0.05
405,0.016381337,0.533932022,0.038053500000000004,0.547942222,0.0200022,0.5410147470000001,0.0063690809999999995,31.96044391,0.870352899,0.027232191,0.027232191
408,0.012935771,0.378495774,0.019435900000000002,0.425642501,0.02,0.42560923799999995,0.005356315,29.03699068,8.952441352000001,0.30831161,0.05
411,0.012638311999999999,0.433550531,0.0258718,0.48889061,0.02,0.47388969299999995,0.006106099,33.84446338,4.85548046,0.143464543,0.05
414,0.01279196,0.453706051,0.023271200000000002,0.482172052,0.020002000000000002,0.481417229,0.006303585,35.06792073,3.560047887,0.101518648,0.05
417,0.014292822,0.43564221,0.0228333,0.45888887700000003,0.02,0.458830222,0.005708377,30.08817528,3.6860991110000003,0.122509892,0.05
420,0.013279098999999999,0.372097926,0.0271923,0.395322503,0.02,0.388606794,0.0050905640000000005,27.22954145,1.99572256,0.073292551,0.05
423,0.012366977,0.455724206,0.0250775,0.472725024,0.020000599999999997,0.47033719799999996,0.006393369,36.26172035,1.7100963569999998,0.047159824,0.047159824
426,0.010974121000000002,0.394732232,0.0191282,0.44656122600000003,0.02,0.446346194,0.006058909,35.61487893,7.931926605,0.222713844,0.05
429,0.011011765,0.393496567,0.0182308,0.436960513,0.02,0.436887431,0.005980206,35.51098911,7.151827216,0.201397578,0.05
432,0.014600173000000001,0.563064024,0.0229241,0.610128364,0.020000999999999998,0.603456323,0.007283151,38.28820156,6.862725374,0.179238645,0.05
435,0.013640000000000001,0.527108255,0.020102599999999998,0.619747057,0.02,0.61969698,0.007297673,38.44566995,16.34263059,0.42508377700000005,0.05
438,0.013358718,0.42373020100000003,0.0195385,0.47839949200000004,0.02,0.47813976700000005,0.005885738000000001,31.5398347,10.47498901,0.332119338,0.05
441,0.013525356,0.519603288,0.0216026,0.571628471,0.02,0.568112706,0.007132235,37.58772506,7.924860239,0.21083638899999999,0.05
444,0.015460426000000001,0.47458508,0.0299103,0.49852513299999995,0.02,0.491467745,0.005910146,30.062928000000003,2.190060046,0.07284919299999999,0.05
447,0.012330236000000001,0.41533899700000004,0.0209103,0.461346473,0.02,0.459737931,0.005963392,33.43742902,6.507368645,0.19461330699999999,0.05
450,0.012507418000000001,0.464459191,0.0242821,0.493844251,0.02,0.491291208,0.006525843000000001,36.64597615,3.225105925,0.08800709599999999,0.05
453,0.014126521000000001,0.5251435329999999,0.0281538,0.550195074,0.02,0.5437511110000001,0.006874475,36.77242836,2.237521701,0.060847809,0.05
456,0.012418108999999998,0.399699264,0.0239359,0.42246079700000005,0.02,0.420593954,0.0056431219999999995,31.60789186,2.6005390040000003,0.08227499099999999,0.05
459,0.012540053,0.34038169799999995,0.025875799999999997,0.360126061,0.0200017,0.35480484799999995,0.004735356,26.96136848,1.723661848,0.0639308,0.05
462,0.011863385,0.329950895,0.0244289,0.36978974,0.02,0.364201869,0.004787425,27.65863999,3.8316307569999997,0.138532869,0.05
465,0.012032801000000001,0.331376522,0.027400900000000002,0.356310123,0.02,0.351690441,0.00472358,27.25812691,2.063991103,0.07572021,0.05
468,0.010576587,0.314240233,0.024919200000000002,0.34476575200000004,0.0200008,0.34096705899999996,0.004752885,29.52888449,2.588514616,0.087660427,0.05
471,0.012294036000000001,0.28681712600000003,0.0328555,0.321221505,0.02,0.30586724,0.004058221,22.91600453,1.9742159,0.086150092,0.05
474,0.011211088999999999,0.30808032399999996,0.0265618,0.324232542,0.02,0.322264521,0.004503447,27.31984327,1.3618552080000002,0.049848573,0.049848573
477,0.010275803,0.292238179,0.0246392,0.312707053,0.0200005,0.310836522,0.00444092,28.27915909,1.786161144,0.063161749,0.05
480,0.01015518,0.263790629,0.023042,0.282021587,0.02,0.281045824,0.004035248,25.84765628,1.76421872,0.068254495,0.05
483,0.01140637,0.274974487,0.025757599999999995,0.296560561,0.02,0.294152392,0.004021504,23.90779927,1.9056506309999999,0.079708325,0.05
486,0.013166168,0.46186397799999995,0.028916900000000002,0.49929010100000004,0.0200008,0.48780521200000004,0.006270415,34.93355557,2.916316925,0.08348182400000001,0.05
489,0.013853228,0.41516776299999997,0.030734300000000003,0.440233603,0.02,0.43114434100000004,0.00546605,29.87258712,1.828562068,0.061212042,0.05
492,0.014049882,0.345538567,0.0297902,0.359651499,0.02,0.356003668,0.004508258,24.52290198,1.132154052,0.046167214000000005,0.046167214000000005
495,0.011437532,0.323387714,0.026188799999999998,0.34744758200000003,0.02,0.345042876,0.00470816,28.17346712,2.078717341,0.07378280200000001,0.05
498,0.012116492,0.37433330299999995,0.0324709,0.43848303899999996,0.02,0.40801422200000004,0.0053654409999999994,30.36708637,3.714321902,0.122314069,0.05
501,0.012038162,0.32418041,0.0215268,0.363396373,0.02,0.36053823799999996,0.004695962,26.83601525,4.775647092,0.17795663899999997,0.05
504,0.011847963999999999,0.332730665,0.0267599,0.356475556,0.02,0.351361739,0.004771615,27.83827089,1.935173359,0.069514855,0.05
507,0.012388887,0.350321676,0.032062900000000005,0.40440661200000005,0.02,0.379926875,0.004958583,27.8092239,3.151338688,0.11331990800000001,0.05
510,0.011510468000000001,0.300058232,0.026421899999999998,0.330394234,0.02,0.325365526,0.0043829559999999995,25.89812365,2.541158236,0.098121326,0.05
513,0.011682763,0.38845579700000005,0.0224153,0.433330101,0.0200008,0.43200161600000003,0.005696326999999999,33.10456411,5.16823219,0.156118418,0.05
516,0.013427106999999999,0.414403069,0.029967900000000002,0.44441487,0.02,0.43511792299999996,0.005570096,30.67568279,2.289013123,0.074619794,0.05
519,0.012610298999999998,0.344658623,0.027029900000000003,0.368106384,0.02,0.36291555600000003,0.004794649000000001,27.14922195,1.998624402,0.073616268,0.05
522,0.010711878999999999,0.354036839,0.0181413,0.40732784299999997,0.0200003,0.40092549,0.005496742,32.96738801,7.915366388,0.24009686100000002,0.05
525,0.012371064,0.357283924,0.025630299999999998,0.382377061,0.02,0.37865519700000005,0.005027463,28.70065002,2.382109609,0.082998455,0.05
528,0.01276316,0.383488536,0.027029900000000003,0.402537727,0.02,0.39809328200000005,0.0052923169999999995,29.77883209,1.672480864,0.056163414,0.05
531,0.011461107,0.369410126,0.0255987,0.389560966,0.0200004,0.386996135,0.0053573990000000005,32.01692827,1.828824328,0.057120542999999996,0.05
534,0.011311498,0.327430848,0.0254487,0.349092501,0.02,0.347569918,0.0047882509999999994,28.79960171,1.968621084,0.068355844,0.05
537,0.009524344,0.297797441,0.019091900000000002,0.341185345,0.02,0.338188108,0.004816727,31.15141878,5.147637855,0.165245695,0.05
540,0.013551873,0.498692673,0.0229174,0.569633535,0.0200007,0.5617812529999999,0.00679535,36.69578918,9.015860316,0.245691959,0.05
543,0.014281901000000001,0.404730706,0.0236752,0.458463634,0.02,0.44906899299999997,0.00532792,28.27047869,6.882976834,0.243468705,0.05
546,0.013725247,0.389912118,0.0230449,0.42847351,0.02,0.424891146,0.005234189,28.3514005,5.081859252,0.17924544,0.05
549,0.011202098,0.386025016,0.019091900000000002,0.444000523,0.02,0.440627974,0.005871905,34.36300937,8.232232232000001,0.239566685,0.05
552,0.011610771,0.435915703,0.020707200000000002,0.496934308,0.0200021,0.496534022,0.006476308,37.44607359,7.959078831,0.21254775399999998,0.05
555,0.012210769,0.389117289,0.022841900000000002,0.431468301,0.02,0.429615326,0.0055823240000000005,31.69974855,4.972896963999999,0.156874966,0.05
558,0.010498345,0.36202649600000003,0.018344,0.414346473,0.02,0.408216039,0.005659516999999999,34.40921842,7.587432617999999,0.22050581100000002,0.05
561,0.012102356000000002,0.423134455,0.021506400000000002,0.47653394600000004,0.02,0.47604948,0.006136943000000001,34.86776928,6.959547572000001,0.199598303,0.05
564,0.011569586000000001,0.334888822,0.018568400000000002,0.38595843799999996,0.02,0.38068292299999995,0.00503247,28.88656307,8.105071146,0.280582745,0.05
567,0.008345283,0.277102339,0.0134972,0.303906603,0.020000099999999996,0.297679365,0.004638827,33.01212463,6.1816684660000005,0.187254487,0.05
570,0.008870279,0.265270593,0.0181054,0.285344532,0.02,0.282988549,0.00427905,29.75012282,2.533270241,0.085151589,0.05
573,0.008338271999999999,0.246614715,0.0175855,0.275599033,0.02,0.27052603199999997,0.004135833,29.3605559,3.733523804,0.12716121,0.05
576,0.007731020999999999,0.24060930600000002,0.015071200000000002,0.257068525,0.02,0.25509966300000003,0.00403686,30.90252809,2.656338587,0.08595861699999999,0.05
579,0.00777074,0.24980209899999997,0.0154346,0.268943881,0.020000099999999996,0.266800346,0.004200525,31.95945316,2.9786775739999998,0.093201769,0.05
582,0.007990775,0.23024155,0.016916,0.247774469,0.02,0.246253657,0.003841795,28.48263375,2.367521499,0.083121579,0.05
585,0.0068324990000000006,0.21703183,0.011987200000000002,0.240027259,0.02,0.23515466699999998,0.003846992,31.50688309,5.3019424189999995,0.168278862,0.05
588,0.007055305,0.226137533,0.0160471,0.248702105,0.020000099999999996,0.24359676800000002,0.003940614,31.58366387,3.05003597,0.096570049,0.05
591,0.007605768000000001,0.223806263,0.0179986,0.24483439399999998,0.02,0.243793188,0.0038066059999999997,29.08699031,2.420369262,0.083211403,0.05
594,0.009292586,0.390284158,0.020463,0.417435196,0.02,0.41740345,0.006180812,41.722272499999995,3.030136328,0.072626349,0.05
597,0.009178992,0.281909781,0.017428799999999998,0.296504242,0.02,0.295055781,0.00445079,30.65030828,2.001418966,0.065298494,0.05
600,0.010580928,0.285103683,0.0214957,0.302198559,0.02,0.301323944,0.004287846,26.79418764,1.857384746,0.069320435,0.05
603,0.009141189000000001,0.280484935,0.012770700000000001,0.291472458,0.02,0.288292121,0.004421452,30.62427835,3.5172404260000003,0.114851373,0.05
606,0.009115188,0.301542747,0.019586900000000004,0.31524693800000003,0.02,0.314950722,0.0047682409999999995,32.87483646,1.7772764369999998,0.05406191,0.05
609,0.009426514,0.270752781,0.016944400000000002,0.286970561,0.02,0.286802296,0.004270746,28.60047131,2.7254681769999998,0.09529452,0.05
612,0.006998000000000001,0.24630222699999998,0.0138319,0.28151171399999997,0.02,0.262563625,0.004386277,34.94957508,6.219042667999999,0.177943298,0.05
615,0.007839499,0.258160177,0.0177707,0.284286274,0.02,0.27758447399999997,0.004390087,32.12574035,3.276235148,0.10198162300000001,0.05
618,0.00799736,0.239198904,0.0173718,0.26478651,0.02,0.259921563,0.0040601579999999995,29.25287266,3.366000203,0.115065629,0.05
621,0.009017669,0.265469729,0.014264500000000001,0.275801481,0.02,0.268860106,0.004201031,29.25765376,2.529402927,0.086452692,0.05
624,0.00885633,0.23564782,0.0136167,0.24437314300000001,0.02,0.23639691,0.003741455,26.44739864,2.386654914,0.090241575,0.05
627,0.009442713,0.253177891,0.016525,0.258365307,0.02,0.25127231899999997,0.0039040359999999996,26.76705431,0.939127505,0.035085202,0.035085202
630,0.007955069,0.244874646,0.0129488,0.252027475,0.020000099999999996,0.229647811,0.0039432370000000005,30.74048918,1.7804623919999998,0.05791913,0.05
633,0.00804159,0.24573213,0.0115723,0.25639952899999996,0.020000099999999996,0.251741751,0.004029396,30.41674841,3.847603578,0.126496216,0.05
636,0.007568569,0.219862765,0.0109987,0.24135617399999998,0.02,0.23611125800000002,0.003788319,28.91210726,7.496096358,0.259271878,0.05
639,0.006856933000000001,0.213664045,0.0102362,0.236755259,0.02,0.228668247,0.003793773,31.00379136,8.149445724,0.262853199,0.05
642,0.0069182969999999995,0.201588662,0.010627600000000001,0.22272487800000002,0.020000099999999996,0.215043753,0.00355878,28.97348716,6.919217258,0.23881202899999998,0.05
645,0.007089921,0.19266413899999998,0.010674799999999998,0.216136594,0.02,0.20923417100000002,0.003425005,27.06331913,8.064491344,0.297986042,0.05
648,0.009830228,0.34899594,0.0143253,0.359403598,0.020000099999999996,0.35758412700000003,0.005353531,35.35949782,2.946138322,0.083319575,0.05
651,0.008891936,0.253159055,0.011518200000000001,0.260766156,0.02,0.254616756,0.0040050220000000004,28.41769433,3.774133724,0.132809287,0.05
654,0.010828425,0.275251707,0.0154184,0.284485696,0.02,0.270952665,0.004075415,25.35768086,2.635134715,0.103918601,0.05
657,0.00843281,0.267234282,0.014311700000000002,0.276141953,0.02,0.257928485,0.004258755,31.65249281,1.829666849,0.057804826,0.05
660,0.008668213000000001,0.257891504,0.0132051,0.270617982,0.02,0.264593891,0.004158385,29.56267499,3.5916494169999997,0.12149270699999999,0.05
663,0.009072817,0.237530978,0.013927100000000001,0.24871429,0.02,0.24345371600000001,0.003773119,26.02375518,2.981549778,0.11457031300000001,0.05
666,0.007758651,0.24450438,0.012058,0.26003387699999997,0.02,0.254657383,0.004099587,31.2838288,4.457029389,0.142470713,0.05
669,0.00800107,0.273837158,0.0105398,0.286821695,0.02,0.28163715,0.004521345,34.06917137,6.28175188,0.184382291,0.05
672,0.008363899999999999,0.218136635,0.0132928,0.23385764399999998,0.02,0.229469659,0.003603367,25.83578697,4.064135435,0.157306431,0.05
675,0.010004335999999999,0.292333216,0.015814099999999998,0.318040635,0.02,0.31588254,0.004588334,29.026463,5.397301263999999,0.185944159,0.05
678,0.010054438,0.28228705,0.0202308,0.30031268,0.02,0.300260963,0.004354594,27.83709095,2.31784392,0.083264588,0.05
681,0.008362905,0.27450105,0.0158269,0.309368682,0.02,0.30180767199999997,0.004634299000000001,32.64125782,5.4864914360000006,0.168084559,0.05
684,0.00586714,0.185563707,0.011910299999999999,0.20063434300000002,0.02,0.093551515,0.002970253,31.50021709,3.0122999760000004,0.095627912,0.05
687,0.007190366,0.217233864,0.0149615,0.22612818199999998,0.02,0.21037279899999997,0.003636772,30.02667295,1.436582401,0.047843542,0.047843542
690,0.00730116,0.221022673,0.014641,0.23047699800000002,0.02,0.21104883,0.0036814340000000004,30.10990177,1.583477911,0.052589939,0.05
693,0.006542256,0.21605198399999997,0.0115192,0.22416651899999998,0.02,0.218491852,0.003700517,32.93351954,2.177292895,0.066111759,0.05
696,0.006655229,0.207100525,0.010487200000000002,0.212639578,0.02,0.20531776,0.003508453,31.01127322,1.965812277,0.063390247,0.05
699,0.006353470999999999,0.20817676699999998,0.00864103,0.215806588,0.00864103,0.215806588,0.0011497410000000001,32.713390999999994,4.256133254,0.130103701,0.05
702,0.01012017,0.349467934,0.0196154,0.36663458200000004,0.02,0.366587979,0.005340575,34.45412203,2.416756678,0.07014419599999999,0.05
705,0.010106678000000001,0.301904083,0.0164487,0.32141005300000003,0.02,0.321130191,0.004655198,29.80984409,3.5157496089999998,0.117939215,0.05
708,0.01101557,0.32728534800000003,0.0222821,0.34100641200000004,0.02,0.34009163299999995,0.004817814,29.55522348,1.505039574,0.050922964,0.05
711,0.009125141,0.296430147,0.0145641,0.327377374,0.02,0.297510707,0.004768185,32.33785192,6.6648705989999995,0.206101216,0.05
714,0.009957258,0.306611766,0.0185513,0.325280942,0.02,0.325267625,0.004747259,30.61642402,2.862334293,0.09349015699999999,0.05
717,0.010228922,0.282734739,0.019134599999999998,0.297454128,0.02,0.297414334,0.004316325,27.48742356,2.190992727,0.07970891599999999,0.05
720,0.008094439,0.263521553,0.014410299999999997,0.29175358,0.02,0.272086025,0.004446632,32.33399068,5.632821067,0.17420741899999997,0.05
723,0.008531202,0.25613870699999997,0.0161218,0.284800281,0.02,0.278773662,0.004266585,29.85772496,4.470773285,0.149735899,0.05
726,0.006945279,0.261103383,0.011352600000000001,0.291093423,0.02,0.246108855,0.004463483,37.39788094,8.060522583,0.215534206,0.05
729,0.009740743,0.310732882,0.018062900000000003,0.35281104799999996,0.0200003,0.351554624,0.005009593,31.468411699999997,6.059429801,0.192555947,0.05
732,0.010176146,0.282046527,0.019722200000000002,0.31897902300000003,0.02,0.31891241800000003,0.004438030999999999,27.41094641,4.5217745339999995,0.164962365,0.05
735,0.009235979,0.266156673,0.0181268,0.303860746,0.02,0.303149325,0.004372837,28.53850605,4.974031723,0.174291945,0.05
738,0.00966413,0.262987821,0.021645400000000002,0.297472687,0.020000099999999996,0.296136929,0.004208237,26.648838,3.4937868030000003,0.131104658,0.05
741,0.009021148,0.262429864,0.016474400000000004,0.291301101,0.02,0.290261861,0.004307002,28.81369698,4.7092209160000005,0.163436886,0.05
744,0.009691196,0.281454185,0.0224858,0.310473077,0.02,0.308356038,0.004438409,28.63259766,2.735698104,0.09554488,0.05
747,0.008290234,0.270730021,0.015683799999999998,0.284372444,0.02,0.281414815,0.004429932,32.298629,2.535151632,0.07849099799999999,0.05
750,0.008346871,0.25740152,0.017300599999999996,0.270084034,0.02,0.267861014,0.004196675,30.44784776,1.9283046430000002,0.063331394,0.05
753,0.008336794,0.242356205,0.0170014,0.254677566,0.02,0.252317856,0.003957577,28.70794158,1.9627342630000002,0.068369035,0.05
756,0.011178988999999999,0.34157144899999997,0.021915999999999998,0.385958074,0.02,0.38313921700000003,0.005160891,30.06432061,5.04034322,0.167651991,0.05
759,0.012021285,0.418779795,0.0246795,0.459144879,0.02,0.455182317,0.006020157,34.493897,3.9832086660000003,0.115475751,0.05
762,0.012370356,0.358677295,0.0208333,0.385105329,0.02,0.384425165,0.005086712,28.74362279,3.747114494,0.130363334,0.05
765,0.010612591999999999,0.308076943,0.021674099999999998,0.340202505,0.0200003,0.33978907700000005,0.004708863,28.79813414,3.674027815,0.127578676,0.05
768,0.009301816999999999,0.351325361,0.0182265,0.39012685,0.02,0.387072666,0.005693190999999999,37.30378505,5.356056626,0.143579442,0.05
771,0.010183662,0.282035123,0.0185114,0.30829758399999996,0.02,0.307879617,0.004406499,27.2621197,4.0543666510000005,0.148717954,0.05
774,0.008611045,0.283646912,0.0149219,0.31749611899999997,0.0200003,0.289360958,0.004708442,32.62326691,6.645338382,0.20369935399999997,0.05
777,0.009876609,0.31021065600000003,0.0205057,0.342484808,0.02,0.342369417,0.004900575,30.72490202,3.736656561,0.121616549,0.05
780,0.010039731,0.275908916,0.0208832,0.314191696,0.02,0.313982999,0.004384055,26.83221477,4.283199589,0.159628999,0.05
783,0.009463935,0.27168855399999997,0.0160999,0.28340613800000003,0.02,0.279385608,0.004252859,28.44387357,2.3411531819999998,0.082307818,0.05
786,0.010638741,0.250692886,0.019487200000000003,0.270130576,0.02,0.26988644100000003,0.003806748,23.31679013,2.6170849,0.112240359,0.05
789,0.009194258,0.242117296,0.013933899999999999,0.27191387300000003,0.02,0.26947003199999997,0.0039918390000000005,26.22159448,7.447942362999999,0.2840385,0.05
792,0.008830174,0.23499612600000003,0.0131512,0.265283906,0.020000099999999996,0.262723906,0.003945035,26.44763776,8.274177712,0.312851295,0.05
795,0.008858682,0.23852948699999998,0.014547899999999999,0.25257762100000003,0.02,0.250600581,0.0038450629999999997,26.77073004,3.17175336,0.11847840400000001,0.05
798,0.008987729,0.24955306300000002,0.0138934,0.27766911,0.02,0.275787138,0.0041297320000000005,27.63123501,7.197931193,0.2604998,0.05
801,0.007887205,0.215162202,0.011909600000000001,0.233356543,0.02,0.22789372800000002,0.003641043,27.13833888,5.745428822,0.211708935,0.05
804,0.007178788,0.23525813899999998,0.0150405,0.24540866600000003,0.02,0.23436627399999999,0.003941077,32.70918331,1.55649651,0.047585918,0.047585918
807,0.007566143000000001,0.22302702800000002,0.0160189,0.22949351199999998,0.02,0.22304321600000002,0.003668567,29.42295847,0.96388831,0.032759735,0.032759735
810,0.010348335,0.30447855,0.019453400000000003,0.317970159,0.02,0.31746328,0.004614696,29.05673438,1.775342709,0.061099182,0.05
813,0.010577369,0.34298854799999995,0.0183131,0.37723493799999996,0.02,0.376818728,0.005281576,32.15866968,5.457546077000001,0.16970683600000003,0.05
816,0.010423607,0.253727875,0.0151619,0.289481424,0.02,0.287677238,0.004048668,23.97356681,9.588407492,0.399957485,0.05
819,0.009047431,0.258028894,0.0154118,0.280215084,0.0200002,0.277343838,0.0041856459999999995,28.29905792,4.384262979,0.154926111,0.05
822,0.008966397,0.298974957,0.014952799999999999,0.329969627,0.02,0.329232132,0.0049196000000000005,33.1466807,6.523103644,0.19679507899999998,0.05
825,0.010171786,0.24502407199999998,0.019284799999999998,0.27048571,0.02,0.269709021,0.003825422,23.81087435,3.3393167289999997,0.14024334800000002,0.05
828,0.008932312,0.264293905,0.015506200000000001,0.28825837,0.020000099999999996,0.286850272,0.004319519,29.36816987,4.71066829,0.160400471,0.05
831,0.008777693,0.269696789,0.0136842,0.288281911,0.02,0.285614588,0.004390499,30.55422182,4.999222649,0.163618065,0.05
834,0.009061354,0.22095969,0.0152834,0.255291212,0.02,0.25298671100000003,0.0037112829999999997,24.19364638,6.638952551,0.27440892699999997,0.05
837,0.010427121,0.318881933,0.0158657,0.35280254,0.0200004,0.351022646,0.004978502,30.30103515,7.679857869,0.253451997,0.05
840,0.011210748999999999,0.306586765,0.0167692,0.344304789,0.02,0.34402871100000004,0.00468998,26.90125882,8.232654086,0.306032299,0.05
843,0.008043356,0.217700322,0.0140192,0.238391025,0.02,0.14102438,0.00344702,26.85355918,4.197546462,0.156312481,0.05
846,0.006259727,0.198814275,0.00906433,0.226665185,0.0200002,0.077045791,0.003021996,31.72505347,11.40774977,0.359581735,0.05
849,0.007132772,0.204018678,0.011000000000000001,0.235748912,0.02,0.127656883,0.003312097,28.55902517,9.416520688,0.329721362,0.05
852,0.00768272,0.208076335,0.0124487,0.229196056,0.02,0.13505248,0.0032939329999999998,26.94935936,5.491789816,0.203781832,0.05
855,0.006747286999999999,0.200864645,0.012891399999999999,0.217145383,0.0200004,0.14357066699999999,0.0033097929999999997,29.64928923,3.3075072519999997,0.111554352,0.05
858,0.006750414000000001,0.19475992399999997,0.0134487,0.20964549999999998,0.02,0.15174642,0.003252152,28.73077926,2.790355457,0.097120772,0.05
861,0.007265143000000001,0.20037122100000002,0.014878200000000001,0.210147895,0.02,0.194870352,0.0033484120000000003,27.52918259,1.529426578,0.05555655599999999,0.05
864,0.011452335,0.377223294,0.0163654,0.404717249,0.02,0.39080952399999996,0.0055589490000000005,32.78068881,6.570148699,0.200427414,0.05
867,0.012089686,0.42550585399999996,0.022256400000000003,0.455086393,0.02,0.45485765899999997,0.006108181999999999,34.72845844,3.917907043,0.11281546099999999,0.05
870,0.01211751,0.341821434,0.0178205,0.378384984,0.02,0.37733109,0.004979917,28.105115100000003,7.874155149,0.280168045,0.05
873,0.010613103,0.314780964,0.0158399,0.347880673,0.0200002,0.34693171700000003,0.004876743,29.47615318,7.86375532,0.266783636,0.05
876,0.01023636,0.351694075,0.016846200000000002,0.390028614,0.02,0.389503573,0.005520439,34.06753729,6.924711359,0.203264219,0.05
879,0.01153478,0.325680522,0.023025599999999997,0.35868173700000006,0.02,0.354734834,0.004777143,28.05056245,3.3906048889999996,0.120874756,0.05
882,0.007312814,0.24860606300000002,0.0126859,0.270671012,0.02,0.17537145699999998,0.004014081,33.85381469,4.870287726,0.143862302,0.05
885,0.006630906,0.186993073,0.00953846,0.21252034,0.02,0.041938294,0.002673066,28.15282092,10.2302005,0.36338101,0.05
888,0.006495506999999999,0.19432080300000001,0.00930769,0.221631267,0.02,0.062079999999999996,0.0028714409999999998,29.86713044,11.354780300000002,0.38017647299999996,0.05
891,0.011464173000000001,0.33238027800000003,0.020249299999999998,0.369568825,0.02,0.369503725,0.0049554609999999995,28.67666852,5.222281962,0.182109088,0.05
894,0.012150183,0.323203183,0.0258832,0.37069661299999995,0.02,0.359469119,0.004672884,26.06263264,4.105075418,0.157508087,0.05
897,0.011514227,0.33960239700000006,0.0252137,0.380533264,0.02,0.374018831,0.005005155,29.09060582,3.658707625,0.12576938599999998,0.05
900,0.010441394,0.342837794,0.0208618,0.35802101,0.02,0.35796511799999997,0.00517802,32.55695691,2.007591271,0.061663972000000004,0.05
903,0.010401922,0.320876865,0.0198077,0.335418422,0.02,0.33541126,0.004857498,30.59242023,2.083649679,0.068109998,0.05
906,0.010128031,0.29706094899999996,0.0196225,0.310400118,0.02,0.310347373,0.00454209,29.08138358,1.937797286,0.0666336,0.05
909,0.00838692,0.333938467,0.0206909,0.34339822200000003,0.02,0.34325758,0.005357128,39.53196495,0.993158159,0.025122914,0.025122914
912,0.008575466,0.31073134,0.0200214,0.32040856100000004,0.02,0.320406966,0.004964522,35.98323056,1.11690654,0.03103964,0.03103964
915,0.008458321999999999,0.292070316,0.0192593,0.305752674,0.02,0.305473412,0.004720286,34.27364934,1.6260722980000002,0.047443804000000006,0.047443804000000006
918,0.011450336,0.33715844899999997,0.0199791,0.388320063,0.0200004,0.388313079,0.005086633,29.11840086,6.977233328,0.239615952,0.05
921,0.01442155,0.407597076,0.024259299999999998,0.44835643,0.02,0.439384166,0.00531251,28.08155178,4.962147976000001,0.17670490600000002,0.05
924,0.013187098000000001,0.391657321,0.029800599999999997,0.41847603,0.02,0.409440276,0.005341783,29.17572936,2.0016266380000003,0.068605882,0.05
927,0.012514083,0.342736571,0.026517400000000003,0.391472242,0.0200003,0.380814869,0.00490652,26.436461600000005,4.192355212,0.158582312,0.05
930,0.011659147,0.35565,0.0244444,0.404141104,0.02,0.396772523,0.005236793,30.10478255,4.582067885,0.152203985,0.05
933,0.011935485,0.32234062399999996,0.0242949,0.37469416899999997,0.02,0.36521894299999996,0.004737036,26.40652238,4.963974895,0.18798290899999998,0.05
936,0.010277467,0.313378412,0.0194518,0.35075522,0.0200002,0.350305669,0.00490421,30.20340401,5.077304792,0.16810372699999998,0.05
939,0.010433069,0.33463998899999997,0.021096900000000002,0.375155391,0.02,0.373650894,0.00517386,31.79337069,4.484198222,0.14104192599999998,0.05
942,0.010982493999999999,0.310290432,0.024052700000000003,0.35019068700000006,0.02,0.34489005,0.004680687,27.93232547,3.6705388930000002,0.131408282,0.05
945,0.011657605,0.29631884,0.0195074,0.309670688,0.02,0.309554286,0.004300054,25.07384532,2.297407606,0.091625659,0.05
948,0.011429225,0.288682148,0.0178812,0.327252763,0.02,0.32649716,0.004368971,25.02997615,7.164724693999999,0.286245766,0.05
951,0.010843173999999999,0.272347395,0.0159447,0.297872017,0.02,0.296607206,0.004154474,25.01578257,5.902110905,0.235935489,0.05
954,0.01033368,0.289695447,0.0168893,0.299148552,0.02,0.298090236,0.004376131,27.87934666,1.973693605,0.07079411299999999,0.05
957,0.010599483,0.276311428,0.0183333,0.286613836,0.02,0.286100605,0.004137346,25.94590953,1.7281988769999999,0.066607759,0.05
960,0.0099706,0.327323743,0.0192982,0.33757633600000003,0.02,0.33754596,0.004991501,32.7343564,1.492405921,0.045591424000000005,0.045591424000000005
963,0.00845773,0.293596806,0.0173617,0.29982528399999997,0.02,0.299448395,0.004685409000000001,34.61451176,0.896070457,0.025887133,0.025887133
966,0.009020980999999999,0.26919511399999996,0.0126721,0.278379079,0.0126721,0.278379079,0.0022211170000000003,29.79166411,3.305590403,0.11095689,0.05
969,0.008451572,0.266946809,0.0202564,0.273416862,0.02,0.273413289,0.004262871,31.47520019,0.713474809,0.02266784,0.02266784
972,0.012675506000000001,0.35767129200000003,0.023354,0.373680635,0.0200004,0.372231111,0.0049618859999999996,27.958264399999997,1.9056397530000002,0.068160159,0.05
975,0.011817775,0.33315344399999997,0.020722,0.365277243,0.02,0.36503653,0.00486336,27.99641789,4.498189206,0.160670169,0.05
978,0.011994784,0.299539719,0.021052599999999998,0.326055318,0.02,0.325982999,0.004332677,24.78537815,3.7231150810000004,0.150214173,0.05
981,0.010860956000000001,0.30136581100000004,0.018859599999999997,0.32105010100000003,0.02,0.32091218899999996,0.004539293,27.36997715,3.246834515,0.118627593,0.05
984,0.011306508,0.273834092,0.0181377,0.29522456199999997,0.02,0.294947279,0.004084450999999999,23.90607611,4.117347711,0.17223017699999998,0.05
987,0.010876188,0.268023881,0.0191296,0.28720741699999996,0.02,0.286934275,0.004030126,24.47870359,2.960099511,0.12092550199999999,0.05
990,0.009665306,0.291996521,0.0182524,0.30875121,0.02,0.306719901,0.004553589,30.080622700000003,2.462745656,0.081871499,0.05
993,0.010362692,0.27322647,0.0190621,0.285307159,0.02,0.284776171,0.004131091,26.27662203,1.751277218,0.06664773,0.05
996,0.010651395,0.30448690300000003,0.018103900000000003,0.31790383,0.02,0.31726794,0.004568962,28.43597022,2.4234747480000003,0.085225675,0.05
999,0.011967047,0.338718662,0.020525599999999998,0.352975661,0.02,0.35297312200000003,0.004841219,28.05330856,2.266662365,0.08079839700000001,0.05
1002,0.011954252,0.30540769,0.018602599999999997,0.344332359,0.02,0.343672965,0.00451476,25.28640594,7.20988321,0.285128825,0.05
1005,0.011349571999999999,0.287470968,0.0166026,0.313434477,0.02,0.31184863,0.004293957,25.22532616,6.064234106000001,0.240402604,0.05
1008,0.007633531999999999,0.20275809600000003,0.012410299999999999,0.23326491600000002,0.02,0.11291286199999999,0.003211693,26.47142509,7.489373443,0.28292294100000004,0.05
1011,0.007246723,0.21579037,0.012326899999999998,0.241339804,0.02,0.148070797,0.003516935,29.60475542,6.068691556,0.20499043,0.05
1014,0.007549116,0.20695811600000003,0.0129615,0.236155644,0.02,0.134748962,0.0033599240000000002,27.31032183,6.456865707,0.236425837,0.05
1017,0.008289609,0.256713165,0.014403799999999998,0.262313185,0.02,0.261340938,0.0041241540000000005,30.9133098,1.1350674379999999,0.036717757999999996,0.036717757999999996
1020,0.008044596999999999,0.24821439,0.0187949,0.26123998800000003,0.02,0.260760504,0.004070169,30.77776116,1.4930149119999998,0.048509536,0.048509536
1023,0.008078348,0.23406714899999997,0.0194615,0.247996605,0.02,0.24780426600000002,0.0038448370000000003,28.89286676,1.5248362519999998,0.052775525999999996,0.05
1026,0.013118706,0.40536261700000004,0.021929900000000002,0.43106603200000004,0.0200004,0.42989269799999996,0.005558984,30.69910678,3.728424939,0.1214506,0.05
1029,0.011960411,0.39225071100000003,0.018852599999999997,0.455052549,0.02,0.454783506,0.005832286999999999,32.61425052,10.44485047,0.320254193,0.05
1032,0.013493471000000002,0.352302416,0.0225321,0.39031818799999995,0.02,0.38684392700000003,0.004837252,25.55378027,5.150543907,0.20155702399999997,0.05
1035,0.012702323,0.374777235,0.020993599999999998,0.39019636399999996,0.02,0.390185051,0.005234094,28.9331212,2.559879045,0.088475731,0.05
1038,0.012100111,0.34634155899999997,0.018403799999999998,0.372551488,0.02,0.372175579,0.004993515,28.424542699999996,5.332260194,0.187593526,0.05
1041,0.012345325,0.306422446,0.0196795,0.34281713,0.02,0.34266325200000003,0.004431111,24.55208644,6.019555252999999,0.245174897,0.05
1044,0.006615696999999999,0.20416841100000002,0.00955769,0.248249086,0.02,0.08871496300000001,0.003252759,30.85695748,16.28303106,0.527693992,0.05
1047,0.006703356,0.19216899699999998,0.00975,0.233852735,0.02,0.055574177999999995,0.0029344590000000004,28.65567151,15.13581735,0.528196219,0.05
1050,0.007184335,0.213971172,0.0106474,0.24846526,0.02,0.12718383,0.0034323459999999997,29.71341191,11.72474405,0.394594336,0.05
1053,0.007456442,0.272929144,0.0167766,0.296508405,0.02,0.292618269,0.004649231,36.41440036,3.051499019,0.083799238,0.05
1056,0.008125182,0.243061933,0.013264700000000003,0.265370252,0.02,0.252089137,0.004077375,29.70506268,5.339113112,0.17973748,0.05
1059,0.008409247,0.24485318399999997,0.017971599999999997,0.262374251,0.02,0.260918983,0.004014366,28.84291721,2.24220265,0.077738414,0.05
1062,0.006361611,0.241679384,0.014052200000000003,0.263115237,0.02,0.23416531699999998,0.004225499000000001,37.88649144,3.247659525,0.08572077800000001,0.05
1065,0.00698329,0.205502582,0.0123214,0.223228693,0.02,0.204368758,0.00354727,29.21894848,4.045331705,0.138448915,0.05
1068,0.005991819000000001,0.24134939600000002,0.015215200000000002,0.260707109,0.02,0.254712073,0.004303988,40.11222606,2.694272685,0.067168366,0.05
1071,0.0054681619999999995,0.19432992699999999,0.0139881,0.208474667,0.02,0.1990739,0.0035013690000000003,35.3596287,2.185407006,0.061805146,0.05
1074,0.005619157,0.186349789,0.014185,0.20002225899999998,0.02,0.191811538,0.00334612,32.99512098,2.119125721,0.064225427,0.05
1080,0.006067569,0.22475194699999998,0.0140797,0.247419184,0.02,0.225459648,0.004007014000000001,36.87015636,3.28304127,0.08904332400000001,0.05
1083,0.007119495,0.22498395,0.00860806,0.24882759,0.02,0.23790999999999998,0.004064,31.4451175,3.09222,0.09832,0.05
1086,0.007818,0.251892,0.015503,0.270109,0.02,0.23790999999999998,0.004064,34.016544,3.09222,0.09832,0.05
1089,0.006269524,0.224960341,0.014052200000000003,0.253700948,0.02,0.23869554699999998,0.004082371,35.43134069,4.480037213999999,0.12644278,0.05
1092,0.006932383,0.24256887100000002,0.017509200000000003,0.258108051,0.02,0.255843893,0.004161746,34.44562888,1.812866202,0.05262979,0.05
1095,0.006928207,0.240697493,0.017490799999999997,0.260795675,0.02,0.254938628,0.004163326,34.29124522,2.266990792,0.0661099,0.05
1098,0.006128838,0.24617520699999998,0.0137775,0.266999185,0.02,0.238292757,0.0043254090000000005,39.95862056,3.258222022,0.081539902,0.05
1101,0.0061605290000000005,0.231854425,0.0142399,0.24953588699999998,0.0166896,0.246528083,0.0032876890000000003,37.35260604,2.639296734,0.070658972,0.05
1104,0.005939729,0.230308423,0.0140888,0.250719235,0.02,0.238750895,0.004131494,38.39059793,3.129074062,0.08150626,0.05
1107,0.006349703000000001,0.203110066,0.0107162,0.213908723,0.02,0.120360066,0.003215348,31.95087186,2.7853260110000004,0.087175274,0.05
1110,0.007110835,0.23573871600000001,0.012692299999999998,0.24994713100000002,0.02,0.189721967,0.0038582509999999996,33.11026018,2.970960215,0.08972929199999999,0.05
1113,0.006654738,0.247075402,0.0118081,0.258432534,0.02,0.212360436,0.004123411,37.07949882,2.557408536,0.068970957,0.05
1116,0.006676658,0.219667663,0.0120203,0.230216101,0.02,0.143147002,0.003560373,32.84402643,2.37640217,0.072354167,0.05
1119,0.006285127,0.23656021300000002,0.013174200000000002,0.241613644,0.02,0.222530825,0.003995948,37.55518437,0.9287803920000001,0.024731082999999997,0.024731082999999997
1122,0.005984372,0.23234096199999998,0.0138594,0.24190745600000002,0.02,0.23023522800000001,0.004032081,38.69742337,1.570214174,0.040576711,0.040576711
1125,0.0056899609999999995,0.18543343,0.012931,0.190592245,0.02,0.178216398,0.0032126790000000004,32.43160182,0.978649288,0.030175793,0.030175793
1128,0.005752639,0.17776424899999999,0.011799299999999999,0.183220568,0.02,0.17113708,0.003081929,30.77405065,1.259196458,0.040917475,0.040917475
1134,0.009109768,0.236305367,0.015614500000000002,0.253221227,0.02,0.24399349899999997,0.003803007,25.41681477,3.268845184,0.12860955300000002,0.05
1137,0.00843838,0.217610412,0.014177700000000001,0.26802422,0.02,0.261553728,0.003894861,25.55238391,10.78396297,0.422033537,0.05
1140,0.007929774,0.241923555,0.00957118,0.258538969,0.02,0.225271053,0.003978965,30.40691753,12.24750661,0.40278685299999994,0.05
1143,0.007510741,0.22383344300000002,0.014301499999999998,0.242807799,0.02,0.219724193,0.003785863,29.50189678,3.501567147,0.11868956,0.05
1146,0.007526957,0.23590631199999998,0.012117600000000001,0.24544529699999998,0.02,0.203210996,0.00384333,31.16989113,2.588746534,0.083052794,0.05
1149,0.007460069000000001,0.22195050000000002,0.0152697,0.24729858600000001,0.02,0.24132155800000002,0.003852552,29.40883038,3.9703914769999997,0.135006779,0.05
1152,0.0056607969999999995,0.204636421,0.0116932,0.21584987,0.02,0.147481992,0.0034821270000000002,35.76539445,2.1865439209999997,0.061135742,0.05
1155,0.005714416,0.206616157,0.0121662,0.21559767,0.02,0.191416568,0.0035885870000000003,36.0003096,1.6625975659999999,0.046182869,0.046182869
1158,0.005962473,0.21046327,0.0114324,0.21791861899999998,0.02,0.112598001,0.003364481,35.1377774,1.62209217,0.046163767,0.046163767
1161,0.007012651999999999,0.20921852600000002,0.012363200000000001,0.21877373100000003,0.02,0.189927562,0.0035043279999999997,29.76378408,2.182659945,0.073332744,0.05
1164,0.006720708000000001,0.246299585,0.013047,0.260689493,0.02,0.239806365,0.004208193,36.5333178,2.778729087,0.076060135,0.05
1167,0.006569525,0.218290375,0.0118846,0.23273528,0.02,0.180555178,0.003683068,33.12784188,3.189149927,0.096267965,0.05
1170,0.005975768,0.211629058,0.011512799999999998,0.217350524,0.02,0.19357886800000002,0.0035998320000000003,35.26239014,1.2768476709999999,0.036209901,0.036209901
1173,0.006088484,0.222910623,0.0122949,0.229077301,0.02,0.21587936800000002,0.0038178829999999998,36.392905299999995,1.207576072,0.033181634,0.033181634
1176,0.006249375,0.2123629,0.0136453,0.21947205399999997,0.02,0.208381722,0.003636952,33.77120068,1.193709653,0.035346971,0.035346971
1188,0.009072031,0.25013667100000003,0.013991499999999999,0.272932935,0.02,0.260283516,0.004069621,27.17384437,5.866267352,0.21587918399999997,0.05
1191,0.010319419,0.269950783,0.0219915,0.282469934,0.02,0.281973395,0.004110889,25.49014782,1.374948118,0.053940374000000006,0.05
1194,0.009785455,0.251122151,0.0163462,0.270971445,0.02,0.267242527,0.003963637,25.235574399999997,3.885946117,0.15398683,0.05
1197,0.0060363330000000005,0.20337045,0.0097906,0.23198356399999998,0.02,0.022023732,0.002857377,33.49703985,9.066154221,0.270655385,0.05
1200,0.005823206,0.18302178300000002,0.012265,0.206261871,0.02,0.008391111,0.0027324579999999997,31.19266836,4.474361485,0.143442729,0.05
1203,0.005872279,0.182702635,0.010487200000000002,0.207404329,0.02,0.008746513000000001,0.0025950979999999997,30.95667027,6.335161385,0.204646085,0.05
1206,0.005835458000000001,0.20102099,0.011188,0.211991785,0.02,0.148373211,0.0033924059999999997,34.35677636,2.468710568,0.071855128,0.05
1209,0.005976321,0.211027099,0.0104786,0.22410245199999998,0.02,0.19813989199999998,0.003691023,35.239058299999996,3.669007293,0.10411763199999999,0.05
1212,0.005497571999999999,0.18778234300000002,0.0105128,0.197663919,0.02,0.124590867,0.003141609,34.06605349,2.374417797,0.069700407,0.05
1215,0.008017241999999999,0.278482572,0.0220879,0.314580007,0.02,0.312964896,0.004690745,34.46760495,3.0577450689999996,0.08871359300000001,0.05
1218,0.0075149959999999995,0.267843897,0.020902,0.30094818100000004,0.02,0.30077745300000003,0.004586936,35.53265127,2.9372371910000004,0.08266304599999999,0.05
1221,0.007360743,0.250433799,0.0201603,0.281044613,0.02,0.281013868,0.00431752,33.89893209,2.833083416,0.083574415,0.05
1224,0.0063350030000000005,0.22078651100000002,0.015288499999999998,0.242339287,0.02,0.23566784100000002,0.003931083,34.73438969,3.062950049,0.08818206,0.05
1227,0.006878114,0.240769211,0.016474400000000004,0.25803397,0.02,0.254847213,0.004159278,34.77468738,2.36153664,0.067909644,0.05
1242,0.011015442,0.317583844,0.027376400000000002,0.34256545299999996,0.02,0.334830846,0.004700273,28.45063204,1.758757445,0.061817869000000004,0.05
1245,0.010085609,0.296410175,0.0198581,0.320526507,0.02,0.320517302,0.004592937,29.14712974,3.0098338819999997,0.10326347400000001,0.05
1248,0.009774112,0.277349288,0.0183013,0.29935740899999996,0.02,0.29865554699999997,0.004348654,28.21527852,3.095527353,0.10971103300000001,0.05
1251,0.00837835,0.283869366,0.0205861,0.30496845300000003,0.02,0.304796017,0.004648058,33.68393884,2.217222345,0.065824319,0.05
1254,0.007855569,0.288810511,0.019839700000000002,0.315199302,0.02,0.315177294,0.004831205999999999,36.63860979,2.52394747,0.068887643,0.05
1257,0.007293381,0.304174321,0.016685,0.332428614,0.02,0.327588225,0.00522557,41.56054873,3.623526084,0.08718667599999999,0.05
1260,0.0069624809999999995,0.268011207,0.0174588,0.30146856699999997,0.02,0.299306115,0.0047182529999999995,38.276857799999995,3.6880492719999998,0.096351934,0.05
1263,0.007433394,0.255453042,0.019881,0.285664255,0.02,0.285660397,0.004402064,34.07084496,2.977692972,0.087397098,0.05
1266,0.00768129,0.242409134,0.0216026,0.27275489399999997,0.02,0.272543689,0.004153316,30.98197835,2.7618043919999997,0.08914228699999999,0.05
1269,0.008003986,0.281053128,0.020809,0.31209874600000004,0.02,0.311494023,0.004709167,34.91445679,2.8221200489999996,0.080829556,0.05
1272,0.00805836,0.257262523,0.0229973,0.284582281,0.02,0.283206355,0.004287965,31.66691672,2.251056496,0.071085433,0.05
1275,0.007765249,0.247188254,0.0205305,0.271596712,0.02,0.271501397,0.0041557090000000005,31.74700495,2.234045275,0.070370269,0.05
1278,0.006459817,0.21493125899999999,0.014774500000000001,0.223780377,0.02,0.21373165600000002,0.003679482,33.16536779,1.409295112,0.042492974,0.042492974
1281,0.007063664,0.22583065600000002,0.011626899999999999,0.235112034,0.02,0.228438826,0.003816122,31.89140569,2.7708363869999997,0.086883482,0.05
1284,0.007232189,0.220019238,0.0158532,0.22527045699999998,0.02,0.21940309800000002,0.0036519720000000003,30.29703498,0.846057543,0.027925424,0.027925424
1296,0.009437549,0.286151421,0.013885900000000001,0.295921857,0.0180327,0.282299436,0.003869218,30.18952309,2.770335238,0.09176479,0.05
1299,0.00839196,0.279381433,0.0134969,0.287127588,0.02,0.232748029,0.004359494,33.25846073,1.805012716,0.054272287,0.05
1302,0.008701740999999999,0.27108661100000003,0.0141291,0.276108642,0.02,0.241765113,0.004220189,31.10343017,1.18298429,0.038033885,0.038033885
1305,0.007903871,0.252436597,0.012820500000000002,0.26350171899999997,0.018673699999999998,0.000466583,0.0035226990000000002,31.71763354,2.980884001,0.093981917,0.05
1308,0.008253716999999999,0.268579981,0.013519,0.27859704,0.02,0.004127655,0.00395744,32.38611324,2.4749648140000002,0.076420557,0.05
1311,0.008115200999999999,0.278823821,0.014270600000000001,0.284579048,0.02,0.260672246,0.004464588,34.21214196,1.2681647870000001,0.037067682000000005,0.037067682000000005
1314,0.007172352,0.23776645,0.0120734,0.248760521,0.0190097,0.000106605,0.003263694,32.99155417,2.789052335,0.084538374,0.05
1317,0.007661313,0.228398584,0.0125995,0.236063484,0.02,0.033866637000000005,0.0034772979999999998,29.68525618,2.0612984069999998,0.069438458,0.05
1320,0.007366809,0.23865667899999998,0.0105836,0.241751025,0.02,0.208074218,0.00385168,32.33346045,1.3076536909999998,0.040442739,0.040442739
1323,0.007271361,0.245042838,0.0132564,0.263293267,0.018696599999999997,0.251020365,0.0038277420000000003,33.65219848,3.603887075,0.10709217300000001,0.05
1326,0.007165962,0.22778602399999998,0.0131197,0.244946682,0.02,0.20900137800000002,0.003850681,31.74330841,3.3693869210000003,0.106144794,0.05
1329,0.008032557,0.237624378,0.014735,0.250651794,0.02,0.240279797,0.003898719,29.52831061,2.312805057,0.078325004,0.05
1332,0.007121074,0.220440768,0.015008500000000001,0.228074214,0.02,0.21994893100000001,0.00368672,30.82196441,1.19569726,0.038793675,0.038793675
1335,0.006957264,0.20978871,0.0143974,0.216019503,0.02,0.207454467,0.00351591,30.02198661,1.058559291,0.035259467999999995,0.035259467999999995
1338,0.006872407,0.20012171,0.0135214,0.20569035100000002,0.02,0.196731121,0.0033579609999999996,28.9968343,1.055064335,0.036385501,0.036385501
1350,0.01048581,0.278936438,0.0148162,0.30322772800000003,0.02,0.29714626899999996,0.004300529,26.42359197,6.844081251,0.259014038,0.05
1353,0.01091393,0.264423336,0.015581200000000002,0.290302935,0.02,0.28511157600000003,0.004035227,24.0472331,6.9786061,0.290204119,0.05
1356,0.007405829,0.221791763,0.0119829,0.233318112,0.02,0.034558489,0.003372066,29.89181454,3.16629945,0.105925301,0.05
1359,0.007071219,0.24440139800000002,0.013017099999999998,0.263096017,0.02,0.117927715,0.0038712020000000002,34.47147134,3.9077647769999997,0.11336228599999999,0.05
1362,0.006937745,0.23230906,0.0124359,0.250344098,0.02,0.100229907,0.003656361,33.40567882,4.0073408,0.119959867,0.05
1365,0.007215276,0.233018478,0.013034200000000001,0.250160731,0.02,0.220454218,0.003941785,32.24959383,3.54224762,0.10983851900000001,0.05
1368,0.006677988,0.211085062,0.012880299999999999,0.219021241,0.02,0.184380138,0.003530625,31.54268869,1.559096992,0.049428158,0.049428158
1371,0.0067366940000000005,0.19653968300000002,0.013047,0.207573037,0.02,0.179389293,0.003334145,29.12353828,2.03805373,0.069979606,0.05
1374,0.006638359,0.19180814699999998,0.012376100000000001,0.20736512,0.02,0.149141172,0.003234549,28.85807251,3.111764491,0.10782994900000001,0.05
1377,0.009119658000000001,0.311549254,0.0199679,0.352646289,0.02,0.352643264,0.0051041590000000005,33.7524833,4.679848409,0.138651973,0.05
1380,0.009116052,0.343088386,0.0212729,0.374013473,0.02,0.37393220299999996,0.0055163109999999994,37.3274965,3.313561613,0.088769993,0.05
1383,0.009224423,0.33681014200000003,0.0212363,0.35675212799999995,0.02,0.356679274,0.005329935,36.27044151,2.2383630340000003,0.061713145,0.05
1404,0.00960604,0.351451977,0.0238736,0.40512484200000004,0.02,0.40108148600000004,0.005642099,35.93054567,4.647250795,0.12933983300000002,0.05
1407,0.010784962,0.353104185,0.0256502,0.394210664,0.02,0.383915261,0.005312896,32.51821418,3.1522717780000002,0.09693865,0.05
1410,0.010542642,0.332497313,0.0233791,0.376747771,0.02,0.371592808,0.005123204,31.02280514,4.119304587,0.132783111,0.05
1413,0.008923616,0.331454843,0.0200778,0.36555857399999997,0.02,0.365557233,0.00537701,37.05285023,3.630247016,0.09797483800000001,0.05
1416,0.009000033000000001,0.30879929100000003,0.0204899,0.343337471,0.02,0.342946528,0.004991027,34.22966098,3.305469959,0.09656741699999999,0.05
1419,0.009059885,0.316228904,0.0191209,0.33895826799999995,0.02,0.338951265,0.0050546440000000005,34.82397313,2.7517765919999997,0.079019605,0.05
1422,0.007915018000000001,0.261898151,0.0170192,0.279425042,0.02,0.276783632,0.0043619340000000005,32.90983406,2.534691626,0.077019277,0.05
1425,0.007820108000000001,0.25118339300000003,0.0170101,0.26804359899999997,0.02,0.265284749,0.004197239,31.95092323,2.435865563,0.076237721,0.05
1428,0.008404334,0.277469838,0.0187225,0.29030662399999996,0.02,0.290131722,0.004499813,32.75179015,1.704410226,0.05204021599999999,0.05
1431,0.009144344,0.28115192899999997,0.0183731,0.309588803,0.02,0.309321791,0.004530258,30.67083483,3.368472232,0.109826558,0.05
1434,0.009062558,0.310717939,0.0194209,0.319035416,0.02,0.318999985,0.004873647,34.18590652,1.087032582,0.031797682,0.031797682
1437,0.008976259,0.284034952,0.0155703,0.294616122,0.02,0.294489586,0.004501759,31.5834142,2.152600253,0.068156034,0.05
1458,0.011492002,0.341550769,0.014663999999999998,0.361863881,0.02,0.35846209,0.005007285,29.69552324,7.451588096,0.250933046,0.05
1461,0.011599291999999999,0.319943459,0.0158311,0.332877677,0.02,0.328694262,0.004624728,27.54969325,3.7923132560000004,0.13765355699999998,0.05
1464,0.01184222,0.29576386600000004,0.0152697,0.311886013,0.0152697,0.311886013,0.002799143,24.95336054,5.552962411,0.22253365,0.05
1467,0.00932744,0.302462428,0.0209505,0.342195136,0.02,0.341890122,0.004911648,31.92237281,4.274107514,0.133890658,0.05
1470,0.008875434,0.30523636,0.0162909,0.340652561,0.02,0.33964922,0.005038966,34.25188212,5.5576256729999995,0.16225752699999998,0.05
1473,0.008902545999999999,0.276648408,0.0173607,0.321029957,0.02,0.320504627,0.004652081,30.74392184,6.175517315,0.20086953600000002,0.05
1476,0.008659136999999999,0.279803158,0.0172149,0.286915249,0.02,0.284360031,0.004444858,32.20505317,1.05876667,0.032875793,0.032875793
1479,0.008392864,0.269877407,0.016817,0.276259722,0.02,0.272979648,0.00432074,32.04205935,0.980725,0.030607427000000003,0.030607427000000003
1482,0.008208454,0.26042164,0.0164191,0.265856944,0.02,0.262237756,0.004189214,31.60936444,0.89113289,0.028192052999999998,0.028192052999999998
1485,0.008541431,0.26613169600000003,0.015465799999999998,0.280043118,0.02,0.272094196,0.004295053,31.09099881,2.427593598,0.07808027099999999,0.05
1488,0.009557580999999999,0.282053572,0.0154316,0.29847117300000003,0.02,0.297388029,0.004438394,29.30128455,3.637630213,0.12414575900000001,0.05
1491,0.009119571,0.28221317100000004,0.0178205,0.291354887,0.02,0.28952354399999997,0.004437278,30.70147874,1.354323735,0.044112655,0.044112655
1512,0.011760241000000001,0.312410178,0.0158718,0.318086103,0.02,0.314510912,0.004451698,26.47371147,1.8887152919999999,0.071343049,0.05
1515,0.007896773000000001,0.23442599100000003,0.011812000000000001,0.26370168,0.016457299999999998,0.000353202,0.002718367,29.60304764,8.689635175,0.293538533,0.05
1518,0.009720995,0.27062810600000003,0.0148675,0.289008105,0.02,0.28356508399999997,0.004242198,27.75022468,4.357946321,0.15704183900000002,0.05
1521,0.008815526,0.266890788,0.016799099999999997,0.28046398300000003,0.02,0.275383396,0.004270701,30.08452388,2.035194504,0.067649218,0.05
1524,0.009121244,0.30576159399999997,0.015132499999999998,0.31674181100000004,0.02,0.315915044,0.00482155,33.39431849,2.413477882,0.072272111,0.05
1527,0.009220318,0.279976777,0.0159829,0.29840938899999997,0.02,0.29772144300000003,0.004477963,30.03909962,3.599577092,0.119829727,0.05
1530,0.008336626,0.23153866399999998,0.012841899999999998,0.243838958,0.012841899999999998,0.243838958,0.00204796,27.64584069,3.472158776,0.125594255,0.05
1533,0.0078117840000000004,0.23894725100000003,0.015547,0.250394331,0.02,0.24397314,0.00394339,30.52897026,1.857202494,0.060834102,0.05
1539,0.008092553,0.24455928300000002,0.014335399999999998,0.263551401,0.02,0.24195449300000002,0.004050334,30.01265745,3.7739571169999997,0.125745517,0.05
1542,0.008089768,0.23443953,0.0146862,0.249022291,0.02,0.22640987699999998,0.003846424,28.75538747,2.780275463,0.096687115,0.05
1566,0.007508413,0.274971562,0.0194231,0.28595227100000004,0.02,0.285820966,0.0045582209999999995,36.54280232,1.162915985,0.031823394,0.031823394
1569,0.008510138,0.258509506,0.019305000000000003,0.268121495,0.02,0.267641045,0.004155204,30.02737675,1.1291016040000001,0.037602406,0.037602406
1572,0.008802283000000001,0.245381794,0.0188192,0.255995604,0.02,0.255152114,0.003923777,27.48980909,1.373041143,0.049947278,0.049947278
1575,0.0055143,0.21014059999999998,0.012722,0.25302600000000003,0.02,0.229138,0.0035210000000000003,37.98245,4.061368,0.12809500000000001,0.05
1578,0.006386515,0.23556311100000002,0.0182287,0.27270090399999997,0.02,0.26531373399999997,0.004300396,35.94309085,3.7343016980000003,0.103894841,0.05
1581,0.00577199,0.231577893,0.013471700000000001,0.253555601,0.02,0.223915113,0.004127627,39.89542971,3.37323118,0.08455182,0.05
1584,0.0053129480000000005,0.213981626,0.008441299999999999,0.229642293,0.008441299999999999,0.229642293,0.0012675660000000001,40.18404577,5.80918955,0.144564576,0.05
1587,0.005343171999999999,0.18831389399999998,0.012287399999999999,0.204565524,0.0124089,0.20453739199999998,0.001899026,35.15547841,2.576321465,0.073283641,0.05
1590,0.005248345,0.18364418600000001,0.012378499999999999,0.19902778,0.012972299999999999,0.19865334399999998,0.0019710770000000003,34.90253755,2.378057815,0.068134238,0.05
1593,0.006252304,0.22835769399999997,0.0136062,0.24364753600000003,0.02,0.230075845,0.003989009,36.43976916,2.6842682019999997,0.073663151,0.05
1596,0.00626426,0.212497086,0.011354399999999999,0.229623198,0.02,0.216526718,0.0037465809999999997,33.87293831,3.673402173,0.10844651699999999,0.05
1599,0.006470514,0.202063413,0.0117817,0.21731240300000002,0.02,0.204847115,0.0035261890000000003,31.17725505,3.141044801,0.100747959,0.05
1620,0.006897874,0.204776718,0.013527299999999999,0.21473719800000002,0.02,0.186665797,0.003426701,29.63839784,1.700560434,0.057376935,0.05
1623,0.0062891990000000005,0.193669958,0.0123307,0.204440218,0.02,0.167724835,0.0032765090000000004,30.74822805,2.011993948,0.065434468,0.05
1626,0.006479144,0.18415259399999998,0.0126167,0.19326406100000001,0.02,0.159259901,0.003091778,28.38165306,1.69610058,0.059760457999999995,0.05
1629,0.006145368000000001,0.227762197,0.0106213,0.233340761,0.02,0.17353041100000002,0.003747008,36.93635246,1.7110363430000002,0.046323912,0.046323912
1632,0.0061269409999999995,0.235659914,0.011449700000000002,0.251361916,0.02,0.230558202,0.004128375,38.30267027,3.440962556,0.089836101,0.05
1635,0.005952853,0.22910926199999998,0.010923700000000001,0.24329952100000002,0.02,0.218948196,0.004009607,38.33298164,3.2803214439999997,0.085574388,0.05
1638,0.005557843000000001,0.1844876,0.00862919,0.196446089,0.02,0.169058889,0.003240595,33.1566331,4.384068554,0.132222972,0.05
1641,0.005774478,0.20309398899999997,0.00788955,0.214700985,0.02,0.183965486,0.003527285,35.13246812,6.351013779,0.180773345,0.05
1644,0.005359785,0.17562039399999999,0.00835306,0.186573789,0.012600299999999998,0.18514982800000002,0.0018050420000000002,32.72844676,4.1236417869999995,0.125995646,0.05
1647,0.007447046,0.26352544699999997,0.012413500000000001,0.27192898600000004,0.02,0.23824647300000001,0.004299909,35.25609476,2.0759579930000003,0.058882245,0.05
1650,0.006894061,0.225016752,0.0122051,0.23108171100000002,0.02,0.20680627,0.003722055,32.47824481,1.5503420209999998,0.047734785,0.047734785
1653,0.007118072,0.21442597600000002,0.0124936,0.218837001,0.02,0.195665375,0.003508775,30.00733492,1.154443577,0.038472046,0.038472046
1674,0.006018259000000001,0.209754035,0.0090641,0.218639227,0.02,0.04878686,0.0031492609999999996,34.78797077,3.787440409,0.10887212800000001,0.05
1677,0.00619168,0.18974892899999998,0.00827564,0.19974979999999998,0.02,0.229138,0.0035210000000000003,30.573859999999996,6.0431,0.19751,0.05
1680,0.006081377,0.18078667899999998,0.00794551,0.189388243,0.02,0.11615430800000001,0.002921231,29.67897565,5.866265302,0.19765727,0.05
1683,0.005851146999999999,0.217851198,0.010064100000000001,0.22115786899999998,0.010734,0.22060073100000002,0.001714445,37.11767921,1.048460042,0.028246918,0.028246918
1686,0.005996621999999999,0.21140689899999998,0.0101058,0.215711546,0.014516,0.201371159,0.002443956,35.14572221,1.341042279,0.038156629,0.038156629
1689,0.006197993000000001,0.238326294,0.011484000000000001,0.24502047899999999,0.0119647,0.244966917,0.0021413689999999997,38.33331645,1.6425222030000002,0.042848424,0.042848424
1692,0.007384999999999999,0.23722800000000002,0.012722,0.25302600000000003,0.018227,0.229138,0.0035210000000000003,28.535977000000003,4.061368,0.12809500000000001,0.05
1695,0.0052657630000000006,0.16191699199999998,0.00695513,0.171126848,0.02,0.14814372,0.002845315,30.71082383,6.395714953,0.208256053,0.05
1701,0.007353782,0.272740906,0.0140351,0.296833005,0.02,0.29251942,0.004686984,36.96893951,4.202299737,0.11367109199999999,0.05
1704,0.007471435,0.256092094,0.0141903,0.280717891,0.02,0.27577532,0.004398609,34.178119,4.17877939,0.122264756,0.05
1707,0.007319425,0.242681438,0.014392700000000001,0.265165268,0.02,0.260017515,0.004176293,33.05737331,3.59701967,0.10881141800000001,0.05
1728,0.008308659,0.278938946,0.013087,0.295206329,0.013087,0.295206329,0.0025385860000000002,33.4971801,3.8825531210000004,0.115906865,0.05
1731,0.008899700000000002,0.267265759,0.015175399999999999,0.282094746,0.02,0.27680764399999996,0.004277818,29.98589871,2.814677694,0.09386671099999999,0.05
1734,0.008086223,0.26431847,0.0157692,0.282938062,0.0188023,0.27859770100000003,0.004041401,32.58684854,2.898887708,0.088958824,0.05
1737,0.0074831559999999995,0.271140257,0.0145108,0.291302849,0.020000099999999996,0.262907306,0.004555841,36.15008052,3.6011010289999996,0.099615298,0.05
1740,0.007647109,0.267982658,0.0136707,0.286310315,0.0136707,0.286310315,0.0027017340000000003,34.97708458,3.357960717,0.09600459199999999,0.05
1743,0.007390504,0.261788036,0.0123381,0.281720906,0.0123381,0.281720906,0.002323678,35.31421208,4.749174254,0.13448337,0.05
1746,0.006490855,0.2034371,0.011602600000000001,0.2214612,0.02,0.20816168899999998,0.00358541,31.2327479,4.064302338,0.130129515,0.05
1749,0.00627122,0.1982621,0.011568799999999999,0.215411228,0.02,0.201604993,0.0035105059999999996,31.49920927,3.750882554,0.11907862599999999,0.05
1755,0.007634688000000001,0.260561415,0.010982899999999999,0.275730348,0.02,0.264927923,0.004365687,34.05831017,5.206845675,0.152880329,0.05
1758,0.0076658690000000005,0.250881874,0.0121137,0.262387138,0.02,0.251029756,0.0041643209999999995,32.65822828,3.464726148,0.10609045,0.05
1761,0.007254921,0.232375096,0.0101479,0.248928911,0.02,0.23600761899999997,0.003971188,31.99644961,6.6714578,0.20850619,0.05
1782,0.007399283,0.22692007,0.0123471,0.23835710100000002,0.0188199,0.164896039,0.0034768259999999997,30.38819041,3.068103123,0.10096366699999999,0.05
1785,0.0070828819999999995,0.21238588600000002,0.00996384,0.23913637699999998,0.0150131,0.109401137,0.002419195,29.86905501,10.89528238,0.364768232,0.05
1788,0.008743736,0.292361682,0.0136752,0.314278866,0.0136752,0.314278866,0.002785853,33.36464429,5.193730604,0.155665697,0.05
1791,0.007422469,0.24428909199999999,0.014099299999999999,0.269629893,0.02,0.264221735,0.004222102,32.71948328,4.405220701,0.134636011,0.05
1794,0.007644673,0.236143375,0.0154635,0.259005535,0.02,0.255104094,0.004030283,30.647648800000002,3.467293769,0.113134087,0.05
1797,0.00725052,0.21923565,0.0138166,0.250719657,0.0151644,0.250304194,0.00269876,29.99544197,5.584679665,0.18618427699999998,0.05
1800,0.006317314,0.19107579800000002,0.00824458,0.20599435600000002,0.02,0.18259004399999998,0.0033371029999999997,30.22062445,9.183648912999999,0.303886802,0.05
1803,0.006262283,0.18702210600000002,0.008550299999999999,0.200371749,0.0162755,0.192772715,0.0025656,29.82662938,7.286811083,0.24430555,0.05
1809,0.007265972,0.19471886,0.0122436,0.20523372,0.02,0.098189372,0.003071832,26.76519981,2.525474561,0.094356649,0.05
1812,0.007768560999999999,0.22324010800000002,0.010865399999999999,0.237146368,0.02,0.222377123,0.003722655,28.62353679,5.756706444,0.20111792899999997,0.05
1815,0.007454003000000001,0.225495119,0.0129135,0.22962995100000003,0.02,0.21180698399999998,0.003671862,30.15314876,1.0355017690000001,0.034341414,0.034341414
1836,0.007802941,0.22641136899999997,0.0103558,0.24186550699999998,0.0103558,0.24186550699999998,0.001484738,28.98870129,6.924267774,0.238860917,0.05
1839,0.0085693,0.24966321,0.012722,0.25302600000000003,0.018227,0.229138,0.0035210000000000003,29.128938399999996,4.061368,0.12809500000000001,0.05
1842,0.007979011999999999,0.252834632,0.0123654,0.271127488,0.013339700000000001,0.27036715899999997,0.002432368,31.61559698,5.029393916,0.159079518,0.05
1845,0.006867720999999999,0.205659619,0.00986859,0.223921339,0.014551300000000001,0.00010277,0.001954783,29.87574577,7.425062333,0.248531447,0.05
1848,0.00735818,0.218508273,0.010711499999999999,0.22695341100000002,0.02,0.1532014,0.00342835,29.65046921,3.2657798330000003,0.11014260199999999,0.05
1851,0.007155811999999999,0.21129220699999998,0.010407099999999999,0.219196342,0.02,0.14315472699999998,0.003311298,29.48257455,3.164830026,0.10734578199999999,0.05
1863,0.008230661,0.259700185,0.014156499999999999,0.285798184,0.02,0.283153527,0.004364779,31.46388539,5.037160233,0.160093395,0.05
1866,0.008169721999999999,0.24822310399999997,0.0159953,0.268595762,0.02,0.26575435,0.004131346,30.263999600000005,3.2424505939999997,0.107138866,0.05
1890,0.009463189,0.321729471,0.017844099999999998,0.339603304,0.02,0.336227527,0.005047435,33.912724,2.707348529,0.07983282400000001,0.05
1893,0.009671667,0.31317012,0.0169534,0.331784452,0.02,0.33061511600000004,0.00488508,32.30416312,2.88990748,0.089459289,0.05
1896,0.009367028000000001,0.295601644,0.0163158,0.312666535,0.019359,0.311839378,0.004460121,31.48660678,2.811942372,0.089305983,0.05
1899,0.008139802,0.26930330199999997,0.013488499999999999,0.29470624,0.02,0.291446575,0.004532209000000001,32.9819906,5.594160695,0.169612585,0.05
1902,0.007944732,0.25963811800000003,0.013330000000000002,0.284416436,0.0159076,0.283645123,0.0032434729999999998,32.57858587,5.413504844,0.16616758199999998,0.05
1905,0.008255524,0.250911638,0.0139642,0.27402781,0.019466900000000002,0.27123687,0.004050963,30.29501128,4.783780465,0.15790654199999998,0.05
1917,0.008095492,0.24725411600000002,0.0106838,0.267022899,0.02,0.25900599,0.004146264,30.51198687,9.132178483999999,0.29929806,0.05
1920,0.00801357,0.23768820899999998,0.0114924,0.251939409,0.02,0.243601125,0.003938651,29.6044408,5.244378575,0.177148375,0.05
1944,0.008835383,0.332597221,0.0176266,0.368894667,0.02,0.366654928,0.005457634,37.46011219,4.748507096,0.126761689,0.05
1947,0.009549201,0.306032025,0.0123504,0.323760335,0.0123504,0.323760335,0.002348204,32.01405896,7.192787334,0.224675895,0.05
1950,0.01000237,0.29918666,0.0194313,0.31761748,0.0194313,0.31761748,0.004420117,29.84051545,2.232990647,0.074830834,0.05
1953,0.008486115,0.262592887,0.0115779,0.27452042600000004,0.02,0.263450594,0.004246687,30.88027637,5.145154681,0.16661621199999999,0.05
1956,0.008493852,0.248314024,0.011075,0.264642771,0.02,0.254192858,0.004066128,29.19912365,7.980918995,0.273327347,0.05
1959,0.008157154,0.23741334100000003,0.0105687,0.255605859,0.0162229,0.25364676,0.0030091429999999997,29.07705565,9.19687378,0.316293159,0.05
1971,0.008180871,0.239850062,0.0127179,0.245867633,0.02,0.231935652,0.0038508659999999997,29.26449115,1.7529895130000002,0.059901589000000005,0.05
1998,0.007191768,0.21636041600000003,0.0110994,0.259176135,0.014310900000000001,0.000365411,0.002281176,30.01417428,12.6279242,0.420732021,0.05
2001,0.009576081,0.29067300100000004,0.0164103,0.303960678,0.02,0.292413207,0.004513929,30.21049165,2.319601322,0.076781317,0.05
2004,0.009416238,0.280126695,0.016109000000000002,0.29175058600000003,0.0187949,0.285405758,0.004023731,29.64011919,2.1444792059999997,0.07235055900000001,0.05
2007,0.008097024,0.242602012,0.013711500000000001,0.250852542,0.02,0.23445771699999998,0.003916888,29.91447731,1.94646724,0.065067734,0.05
2010,0.008157871,0.23249179899999997,0.012605799999999999,0.24143991199999998,0.016471200000000002,0.238017969,0.0029393920000000003,28.46445285,2.599198539,0.09131384199999999,0.05
2013,0.008280709,0.22446413199999998,0.012506399999999999,0.232955255,0.02,0.21683549800000002,0.003611365,27.07595835,2.6067907580000003,0.09627695300000001,0.05
