building ID,number of story,bay width,story height ratio,number of bay,floor dead load,roof dead load,column beam ratio
0,1,20,1,1,50,20,1
1,1,20,1,1,80,20,1
2,1,20,1,1,110,20,1
3,1,20,1,3,50,20,1
4,1,20,1,3,80,20,1
5,1,20,1,3,110,20,1
6,1,20,1,5,50,20,1
7,1,20,1,5,80,20,1
8,1,20,1,5,110,20,1
9,1,20,1.5,1,50,20,1
10,1,20,1.5,1,80,20,1
11,1,20,1.5,1,110,20,1
12,1,20,1.5,3,50,20,1
13,1,20,1.5,3,80,20,1
14,1,20,1.5,3,110,20,1
15,1,20,1.5,5,50,20,1
16,1,20,1.5,5,80,20,1
17,1,20,1.5,5,110,20,1
18,1,20,2,1,50,20,1
19,1,20,2,1,80,20,1
20,1,20,2,1,110,20,1
21,1,20,2,3,50,20,1
22,1,20,2,3,80,20,1
23,1,20,2,3,110,20,1
24,1,20,2,5,50,20,1
25,1,20,2,5,80,20,1
26,1,20,2,5,110,20,1
27,1,30,1,1,50,20,1
28,1,30,1,1,80,20,1
29,1,30,1,1,110,20,1
30,1,30,1,3,50,20,1
31,1,30,1,3,80,20,1
32,1,30,1,3,110,20,1
33,1,30,1,5,50,20,1
34,1,30,1,5,80,20,1
35,1,30,1,5,110,20,1
36,1,30,1.5,1,50,20,1
37,1,30,1.5,1,80,20,1
38,1,30,1.5,1,110,20,1
39,1,30,1.5,3,50,20,1
40,1,30,1.5,3,80,20,1
41,1,30,1.5,3,110,20,1
42,1,30,1.5,5,50,20,1
43,1,30,1.5,5,80,20,1
44,1,30,1.5,5,110,20,1
45,1,30,2,1,50,20,1
46,1,30,2,1,80,20,1
47,1,30,2,1,110,20,1
48,1,30,2,3,50,20,1
49,1,30,2,3,80,20,1
50,1,30,2,3,110,20,1
51,1,30,2,5,50,20,1
52,1,30,2,5,80,20,1
53,1,30,2,5,110,20,1
54,1,40,1,1,50,20,1
55,1,40,1,1,80,20,1
56,1,40,1,1,110,20,1
57,1,40,1,3,50,20,1
58,1,40,1,3,80,20,1
59,1,40,1,3,110,20,1
60,1,40,1,5,50,20,1
61,1,40,1,5,80,20,1
62,1,40,1,5,110,20,1
63,1,40,1.5,1,50,20,1
64,1,40,1.5,1,80,20,1
65,1,40,1.5,1,110,20,1
66,1,40,1.5,3,50,20,1
67,1,40,1.5,3,80,20,1
68,1,40,1.5,3,110,20,1
69,1,40,1.5,5,50,20,1
70,1,40,1.5,5,80,20,1
71,1,40,1.5,5,110,20,1
72,1,40,2,1,50,20,1
73,1,40,2,1,80,20,1
74,1,40,2,1,110,20,1
75,1,40,2,3,50,20,1
76,1,40,2,3,80,20,1
77,1,40,2,3,110,20,1
78,1,40,2,5,50,20,1
79,1,40,2,5,80,20,1
80,1,40,2,5,110,20,1
81,5,20,1,3,50,20,1
82,5,20,1,3,50,20,1.5
83,5,20,1,3,50,20,2
84,5,20,1,3,50,67.5,1
85,5,20,1,3,50,67.5,1.5
86,5,20,1,3,50,67.5,2
87,5,20,1,3,50,115,1
88,5,20,1,3,50,115,1.5
89,5,20,1,3,50,115,2
90,5,20,1,3,80,20,1
91,5,20,1,3,80,20,1.5
92,5,20,1,3,80,20,2
93,5,20,1,3,80,67.5,1
94,5,20,1,3,80,67.5,1.5
95,5,20,1,3,80,67.5,2
96,5,20,1,3,80,115,1
97,5,20,1,3,80,115,1.5
98,5,20,1,3,80,115,2
99,5,20,1,3,110,20,1
100,5,20,1,3,110,20,1.5
101,5,20,1,3,110,20,2
102,5,20,1,3,110,67.5,1
103,5,20,1,3,110,67.5,1.5
104,5,20,1,3,110,67.5,2
105,5,20,1,3,110,115,1
106,5,20,1,3,110,115,1.5
107,5,20,1,3,110,115,2
108,5,20,1,5,50,20,1
109,5,20,1,5,50,20,1.5
110,5,20,1,5,50,20,2
111,5,20,1,5,50,67.5,1
112,5,20,1,5,50,67.5,1.5
113,5,20,1,5,50,67.5,2
114,5,20,1,5,50,115,1
115,5,20,1,5,50,115,1.5
116,5,20,1,5,50,115,2
117,5,20,1,5,80,20,1
118,5,20,1,5,80,20,1.5
119,5,20,1,5,80,20,2
120,5,20,1,5,80,67.5,1
121,5,20,1,5,80,67.5,1.5
122,5,20,1,5,80,67.5,2
123,5,20,1,5,80,115,1
124,5,20,1,5,80,115,1.5
125,5,20,1,5,80,115,2
126,5,20,1,5,110,20,1
127,5,20,1,5,110,20,1.5
128,5,20,1,5,110,20,2
129,5,20,1,5,110,67.5,1
130,5,20,1,5,110,67.5,1.5
131,5,20,1,5,110,67.5,2
132,5,20,1,5,110,115,1
133,5,20,1,5,110,115,1.5
134,5,20,1,5,110,115,2
135,5,20,1.5,3,50,20,1
136,5,20,1.5,3,50,20,1.5
137,5,20,1.5,3,50,20,2
138,5,20,1.5,3,50,67.5,1
139,5,20,1.5,3,50,67.5,1.5
140,5,20,1.5,3,50,67.5,2
141,5,20,1.5,3,50,115,1
142,5,20,1.5,3,50,115,1.5
143,5,20,1.5,3,50,115,2
144,5,20,1.5,3,80,20,1
145,5,20,1.5,3,80,20,1.5
146,5,20,1.5,3,80,20,2
147,5,20,1.5,3,80,67.5,1
148,5,20,1.5,3,80,67.5,1.5
149,5,20,1.5,3,80,67.5,2
150,5,20,1.5,3,80,115,1
151,5,20,1.5,3,80,115,1.5
152,5,20,1.5,3,80,115,2
153,5,20,1.5,3,110,20,1
154,5,20,1.5,3,110,20,1.5
155,5,20,1.5,3,110,20,2
156,5,20,1.5,3,110,67.5,1
157,5,20,1.5,3,110,67.5,1.5
158,5,20,1.5,3,110,67.5,2
159,5,20,1.5,3,110,115,1
160,5,20,1.5,3,110,115,1.5
161,5,20,1.5,3,110,115,2
162,5,20,1.5,5,50,20,1
163,5,20,1.5,5,50,20,1.5
164,5,20,1.5,5,50,20,2
165,5,20,1.5,5,50,67.5,1
166,5,20,1.5,5,50,67.5,1.5
167,5,20,1.5,5,50,67.5,2
168,5,20,1.5,5,50,115,1
169,5,20,1.5,5,50,115,1.5
170,5,20,1.5,5,50,115,2
171,5,20,1.5,5,80,20,1
172,5,20,1.5,5,80,20,1.5
173,5,20,1.5,5,80,20,2
174,5,20,1.5,5,80,67.5,1
175,5,20,1.5,5,80,67.5,1.5
176,5,20,1.5,5,80,67.5,2
177,5,20,1.5,5,80,115,1
178,5,20,1.5,5,80,115,1.5
179,5,20,1.5,5,80,115,2
180,5,20,1.5,5,110,20,1
181,5,20,1.5,5,110,20,1.5
182,5,20,1.5,5,110,20,2
183,5,20,1.5,5,110,67.5,1
184,5,20,1.5,5,110,67.5,1.5
185,5,20,1.5,5,110,67.5,2
186,5,20,1.5,5,110,115,1
187,5,20,1.5,5,110,115,1.5
188,5,20,1.5,5,110,115,2
189,5,20,2,3,50,20,1
190,5,20,2,3,50,20,1.5
191,5,20,2,3,50,20,2
192,5,20,2,3,50,67.5,1
193,5,20,2,3,50,67.5,1.5
194,5,20,2,3,50,67.5,2
195,5,20,2,3,50,115,1
196,5,20,2,3,50,115,1.5
197,5,20,2,3,50,115,2
198,5,20,2,3,80,20,1
199,5,20,2,3,80,20,1.5
200,5,20,2,3,80,20,2
201,5,20,2,3,80,67.5,1
202,5,20,2,3,80,67.5,1.5
203,5,20,2,3,80,67.5,2
204,5,20,2,3,80,115,1
205,5,20,2,3,80,115,1.5
206,5,20,2,3,80,115,2
207,5,20,2,3,110,20,1
208,5,20,2,3,110,20,1.5
209,5,20,2,3,110,20,2
210,5,20,2,3,110,67.5,1
211,5,20,2,3,110,67.5,1.5
212,5,20,2,3,110,67.5,2
213,5,20,2,3,110,115,1
214,5,20,2,3,110,115,1.5
215,5,20,2,3,110,115,2
216,5,20,2,5,50,20,1
217,5,20,2,5,50,20,1.5
218,5,20,2,5,50,20,2
219,5,20,2,5,50,67.5,1
220,5,20,2,5,50,67.5,1.5
221,5,20,2,5,50,67.5,2
222,5,20,2,5,50,115,1
223,5,20,2,5,50,115,1.5
224,5,20,2,5,50,115,2
225,5,20,2,5,80,20,1
226,5,20,2,5,80,20,1.5
227,5,20,2,5,80,20,2
228,5,20,2,5,80,67.5,1
229,5,20,2,5,80,67.5,1.5
230,5,20,2,5,80,67.5,2
231,5,20,2,5,80,115,1
232,5,20,2,5,80,115,1.5
233,5,20,2,5,80,115,2
234,5,20,2,5,110,20,1
235,5,20,2,5,110,20,1.5
236,5,20,2,5,110,20,2
237,5,20,2,5,110,67.5,1
238,5,20,2,5,110,67.5,1.5
239,5,20,2,5,110,67.5,2
240,5,20,2,5,110,115,1
241,5,20,2,5,110,115,1.5
242,5,20,2,5,110,115,2
243,5,30,1,3,50,20,1
244,5,30,1,3,50,20,1.5
245,5,30,1,3,50,20,2
246,5,30,1,3,50,67.5,1
247,5,30,1,3,50,67.5,1.5
248,5,30,1,3,50,67.5,2
249,5,30,1,3,50,115,1
250,5,30,1,3,50,115,1.5
251,5,30,1,3,50,115,2
252,5,30,1,3,80,20,1
253,5,30,1,3,80,20,1.5
254,5,30,1,3,80,20,2
255,5,30,1,3,80,67.5,1
256,5,30,1,3,80,67.5,1.5
257,5,30,1,3,80,67.5,2
258,5,30,1,3,80,115,1
259,5,30,1,3,80,115,1.5
260,5,30,1,3,80,115,2
261,5,30,1,3,110,20,1
262,5,30,1,3,110,20,1.5
263,5,30,1,3,110,20,2
264,5,30,1,3,110,67.5,1
265,5,30,1,3,110,67.5,1.5
266,5,30,1,3,110,67.5,2
267,5,30,1,3,110,115,1
268,5,30,1,3,110,115,1.5
269,5,30,1,3,110,115,2
270,5,30,1,5,50,20,1
271,5,30,1,5,50,20,1.5
272,5,30,1,5,50,20,2
273,5,30,1,5,50,67.5,1
274,5,30,1,5,50,67.5,1.5
275,5,30,1,5,50,67.5,2
276,5,30,1,5,50,115,1
277,5,30,1,5,50,115,1.5
278,5,30,1,5,50,115,2
279,5,30,1,5,80,20,1
280,5,30,1,5,80,20,1.5
281,5,30,1,5,80,20,2
282,5,30,1,5,80,67.5,1
283,5,30,1,5,80,67.5,1.5
284,5,30,1,5,80,67.5,2
285,5,30,1,5,80,115,1
286,5,30,1,5,80,115,1.5
287,5,30,1,5,80,115,2
288,5,30,1,5,110,20,1
289,5,30,1,5,110,20,1.5
290,5,30,1,5,110,20,2
291,5,30,1,5,110,67.5,1
292,5,30,1,5,110,67.5,1.5
293,5,30,1,5,110,67.5,2
294,5,30,1,5,110,115,1
295,5,30,1,5,110,115,1.5
296,5,30,1,5,110,115,2
297,5,30,1.5,3,50,20,1
298,5,30,1.5,3,50,20,1.5
299,5,30,1.5,3,50,20,2
300,5,30,1.5,3,50,67.5,1
301,5,30,1.5,3,50,67.5,1.5
302,5,30,1.5,3,50,67.5,2
303,5,30,1.5,3,50,115,1
304,5,30,1.5,3,50,115,1.5
305,5,30,1.5,3,50,115,2
306,5,30,1.5,3,80,20,1
307,5,30,1.5,3,80,20,1.5
308,5,30,1.5,3,80,20,2
309,5,30,1.5,3,80,67.5,1
310,5,30,1.5,3,80,67.5,1.5
311,5,30,1.5,3,80,67.5,2
312,5,30,1.5,3,80,115,1
313,5,30,1.5,3,80,115,1.5
314,5,30,1.5,3,80,115,2
315,5,30,1.5,3,110,20,1
316,5,30,1.5,3,110,20,1.5
317,5,30,1.5,3,110,20,2
318,5,30,1.5,3,110,67.5,1
319,5,30,1.5,3,110,67.5,1.5
320,5,30,1.5,3,110,67.5,2
321,5,30,1.5,3,110,115,1
322,5,30,1.5,3,110,115,1.5
323,5,30,1.5,3,110,115,2
324,5,30,1.5,5,50,20,1
325,5,30,1.5,5,50,20,1.5
326,5,30,1.5,5,50,20,2
327,5,30,1.5,5,50,67.5,1
328,5,30,1.5,5,50,67.5,1.5
329,5,30,1.5,5,50,67.5,2
330,5,30,1.5,5,50,115,1
331,5,30,1.5,5,50,115,1.5
332,5,30,1.5,5,50,115,2
333,5,30,1.5,5,80,20,1
334,5,30,1.5,5,80,20,1.5
335,5,30,1.5,5,80,20,2
336,5,30,1.5,5,80,67.5,1
337,5,30,1.5,5,80,67.5,1.5
338,5,30,1.5,5,80,67.5,2
339,5,30,1.5,5,80,115,1
340,5,30,1.5,5,80,115,1.5
341,5,30,1.5,5,80,115,2
342,5,30,1.5,5,110,20,1
343,5,30,1.5,5,110,20,1.5
344,5,30,1.5,5,110,20,2
345,5,30,1.5,5,110,67.5,1
346,5,30,1.5,5,110,67.5,1.5
347,5,30,1.5,5,110,67.5,2
348,5,30,1.5,5,110,115,1
349,5,30,1.5,5,110,115,1.5
350,5,30,1.5,5,110,115,2
351,5,30,2,3,50,20,1
352,5,30,2,3,50,20,1.5
353,5,30,2,3,50,20,2
354,5,30,2,3,50,67.5,1
355,5,30,2,3,50,67.5,1.5
356,5,30,2,3,50,67.5,2
357,5,30,2,3,50,115,1
358,5,30,2,3,50,115,1.5
359,5,30,2,3,50,115,2
360,5,30,2,3,80,20,1
361,5,30,2,3,80,20,1.5
362,5,30,2,3,80,20,2
363,5,30,2,3,80,67.5,1
364,5,30,2,3,80,67.5,1.5
365,5,30,2,3,80,67.5,2
366,5,30,2,3,80,115,1
367,5,30,2,3,80,115,1.5
368,5,30,2,3,80,115,2
369,5,30,2,3,110,20,1
370,5,30,2,3,110,20,1.5
371,5,30,2,3,110,20,2
372,5,30,2,3,110,67.5,1
373,5,30,2,3,110,67.5,1.5
374,5,30,2,3,110,67.5,2
375,5,30,2,3,110,115,1
376,5,30,2,3,110,115,1.5
377,5,30,2,3,110,115,2
378,5,30,2,5,50,20,1
379,5,30,2,5,50,20,1.5
380,5,30,2,5,50,20,2
381,5,30,2,5,50,67.5,1
382,5,30,2,5,50,67.5,1.5
383,5,30,2,5,50,67.5,2
384,5,30,2,5,50,115,1
385,5,30,2,5,50,115,1.5
386,5,30,2,5,50,115,2
387,5,30,2,5,80,20,1
388,5,30,2,5,80,20,1.5
389,5,30,2,5,80,20,2
390,5,30,2,5,80,67.5,1
391,5,30,2,5,80,67.5,1.5
392,5,30,2,5,80,67.5,2
393,5,30,2,5,80,115,1
394,5,30,2,5,80,115,1.5
395,5,30,2,5,80,115,2
396,5,30,2,5,110,20,1
397,5,30,2,5,110,20,1.5
398,5,30,2,5,110,20,2
399,5,30,2,5,110,67.5,1
400,5,30,2,5,110,67.5,1.5
401,5,30,2,5,110,67.5,2
402,5,30,2,5,110,115,1
403,5,30,2,5,110,115,1.5
404,5,30,2,5,110,115,2
405,5,40,1,3,50,20,1
406,5,40,1,3,50,20,1.5
407,5,40,1,3,50,20,2
408,5,40,1,3,50,67.5,1
409,5,40,1,3,50,67.5,1.5
410,5,40,1,3,50,67.5,2
411,5,40,1,3,50,115,1
412,5,40,1,3,50,115,1.5
413,5,40,1,3,50,115,2
414,5,40,1,3,80,20,1
415,5,40,1,3,80,20,1.5
416,5,40,1,3,80,20,2
417,5,40,1,3,80,67.5,1
418,5,40,1,3,80,67.5,1.5
419,5,40,1,3,80,67.5,2
420,5,40,1,3,80,115,1
421,5,40,1,3,80,115,1.5
422,5,40,1,3,80,115,2
423,5,40,1,3,110,20,1
424,5,40,1,3,110,20,1.5
425,5,40,1,3,110,20,2
426,5,40,1,3,110,67.5,1
427,5,40,1,3,110,67.5,1.5
428,5,40,1,3,110,67.5,2
429,5,40,1,3,110,115,1
430,5,40,1,3,110,115,1.5
431,5,40,1,3,110,115,2
432,5,40,1,5,50,20,1
433,5,40,1,5,50,20,1.5
434,5,40,1,5,50,20,2
435,5,40,1,5,50,67.5,1
436,5,40,1,5,50,67.5,1.5
437,5,40,1,5,50,67.5,2
438,5,40,1,5,50,115,1
439,5,40,1,5,50,115,1.5
440,5,40,1,5,50,115,2
441,5,40,1,5,80,20,1
442,5,40,1,5,80,20,1.5
443,5,40,1,5,80,20,2
444,5,40,1,5,80,67.5,1
445,5,40,1,5,80,67.5,1.5
446,5,40,1,5,80,67.5,2
447,5,40,1,5,80,115,1
448,5,40,1,5,80,115,1.5
449,5,40,1,5,80,115,2
450,5,40,1,5,110,20,1
451,5,40,1,5,110,20,1.5
452,5,40,1,5,110,20,2
453,5,40,1,5,110,67.5,1
454,5,40,1,5,110,67.5,1.5
455,5,40,1,5,110,67.5,2
456,5,40,1,5,110,115,1
457,5,40,1,5,110,115,1.5
458,5,40,1,5,110,115,2
459,5,40,1.5,3,50,20,1
460,5,40,1.5,3,50,20,1.5
461,5,40,1.5,3,50,20,2
462,5,40,1.5,3,50,67.5,1
463,5,40,1.5,3,50,67.5,1.5
464,5,40,1.5,3,50,67.5,2
465,5,40,1.5,3,50,115,1
466,5,40,1.5,3,50,115,1.5
467,5,40,1.5,3,50,115,2
468,5,40,1.5,3,80,20,1
469,5,40,1.5,3,80,20,1.5
470,5,40,1.5,3,80,20,2
471,5,40,1.5,3,80,67.5,1
472,5,40,1.5,3,80,67.5,1.5
473,5,40,1.5,3,80,67.5,2
474,5,40,1.5,3,80,115,1
475,5,40,1.5,3,80,115,1.5
476,5,40,1.5,3,80,115,2
477,5,40,1.5,3,110,20,1
478,5,40,1.5,3,110,20,1.5
479,5,40,1.5,3,110,20,2
480,5,40,1.5,3,110,67.5,1
481,5,40,1.5,3,110,67.5,1.5
482,5,40,1.5,3,110,67.5,2
483,5,40,1.5,3,110,115,1
484,5,40,1.5,3,110,115,1.5
485,5,40,1.5,3,110,115,2
486,5,40,1.5,5,50,20,1
487,5,40,1.5,5,50,20,1.5
488,5,40,1.5,5,50,20,2
489,5,40,1.5,5,50,67.5,1
490,5,40,1.5,5,50,67.5,1.5
491,5,40,1.5,5,50,67.5,2
492,5,40,1.5,5,50,115,1
493,5,40,1.5,5,50,115,1.5
494,5,40,1.5,5,50,115,2
495,5,40,1.5,5,80,20,1
496,5,40,1.5,5,80,20,1.5
497,5,40,1.5,5,80,20,2
498,5,40,1.5,5,80,67.5,1
499,5,40,1.5,5,80,67.5,1.5
500,5,40,1.5,5,80,67.5,2
501,5,40,1.5,5,80,115,1
502,5,40,1.5,5,80,115,1.5
503,5,40,1.5,5,80,115,2
504,5,40,1.5,5,110,20,1
505,5,40,1.5,5,110,20,1.5
506,5,40,1.5,5,110,20,2
507,5,40,1.5,5,110,67.5,1
508,5,40,1.5,5,110,67.5,1.5
509,5,40,1.5,5,110,67.5,2
510,5,40,1.5,5,110,115,1
511,5,40,1.5,5,110,115,1.5
512,5,40,1.5,5,110,115,2
513,5,40,2,3,50,20,1
514,5,40,2,3,50,20,1.5
515,5,40,2,3,50,20,2
516,5,40,2,3,50,67.5,1
517,5,40,2,3,50,67.5,1.5
518,5,40,2,3,50,67.5,2
519,5,40,2,3,50,115,1
520,5,40,2,3,50,115,1.5
521,5,40,2,3,50,115,2
522,5,40,2,3,80,20,1
523,5,40,2,3,80,20,1.5
524,5,40,2,3,80,20,2
525,5,40,2,3,80,67.5,1
526,5,40,2,3,80,67.5,1.5
527,5,40,2,3,80,67.5,2
528,5,40,2,3,80,115,1
529,5,40,2,3,80,115,1.5
530,5,40,2,3,80,115,2
531,5,40,2,3,110,20,1
532,5,40,2,3,110,20,1.5
533,5,40,2,3,110,20,2
534,5,40,2,3,110,67.5,1
535,5,40,2,3,110,67.5,1.5
536,5,40,2,3,110,67.5,2
537,5,40,2,3,110,115,1
538,5,40,2,3,110,115,1.5
539,5,40,2,3,110,115,2
540,5,40,2,5,50,20,1
541,5,40,2,5,50,20,1.5
542,5,40,2,5,50,20,2
543,5,40,2,5,50,67.5,1
544,5,40,2,5,50,67.5,1.5
545,5,40,2,5,50,67.5,2
546,5,40,2,5,50,115,1
547,5,40,2,5,50,115,1.5
548,5,40,2,5,50,115,2
549,5,40,2,5,80,20,1
550,5,40,2,5,80,20,1.5
551,5,40,2,5,80,20,2
552,5,40,2,5,80,67.5,1
553,5,40,2,5,80,67.5,1.5
554,5,40,2,5,80,67.5,2
555,5,40,2,5,80,115,1
556,5,40,2,5,80,115,1.5
557,5,40,2,5,80,115,2
558,5,40,2,5,110,20,1
559,5,40,2,5,110,20,1.5
560,5,40,2,5,110,20,2
561,5,40,2,5,110,67.5,1
562,5,40,2,5,110,67.5,1.5
563,5,40,2,5,110,67.5,2
564,5,40,2,5,110,115,1
565,5,40,2,5,110,115,1.5
566,5,40,2,5,110,115,2
567,9,20,1,3,50,20,1
568,9,20,1,3,50,20,1.5
569,9,20,1,3,50,20,2
570,9,20,1,3,50,67.5,1
571,9,20,1,3,50,67.5,1.5
572,9,20,1,3,50,67.5,2
573,9,20,1,3,50,115,1
574,9,20,1,3,50,115,1.5
575,9,20,1,3,50,115,2
576,9,20,1,3,80,20,1
577,9,20,1,3,80,20,1.5
578,9,20,1,3,80,20,2
579,9,20,1,3,80,67.5,1
580,9,20,1,3,80,67.5,1.5
581,9,20,1,3,80,67.5,2
582,9,20,1,3,80,115,1
583,9,20,1,3,80,115,1.5
584,9,20,1,3,80,115,2
585,9,20,1,3,110,20,1
586,9,20,1,3,110,20,1.5
587,9,20,1,3,110,20,2
588,9,20,1,3,110,67.5,1
589,9,20,1,3,110,67.5,1.5
590,9,20,1,3,110,67.5,2
591,9,20,1,3,110,115,1
592,9,20,1,3,110,115,1.5
593,9,20,1,3,110,115,2
594,9,20,1,5,50,20,1
595,9,20,1,5,50,20,1.5
596,9,20,1,5,50,20,2
597,9,20,1,5,50,67.5,1
598,9,20,1,5,50,67.5,1.5
599,9,20,1,5,50,67.5,2
600,9,20,1,5,50,115,1
601,9,20,1,5,50,115,1.5
602,9,20,1,5,50,115,2
603,9,20,1,5,80,20,1
604,9,20,1,5,80,20,1.5
605,9,20,1,5,80,20,2
606,9,20,1,5,80,67.5,1
607,9,20,1,5,80,67.5,1.5
608,9,20,1,5,80,67.5,2
609,9,20,1,5,80,115,1
610,9,20,1,5,80,115,1.5
611,9,20,1,5,80,115,2
612,9,20,1,5,110,20,1
613,9,20,1,5,110,20,1.5
614,9,20,1,5,110,20,2
615,9,20,1,5,110,67.5,1
616,9,20,1,5,110,67.5,1.5
617,9,20,1,5,110,67.5,2
618,9,20,1,5,110,115,1
619,9,20,1,5,110,115,1.5
620,9,20,1,5,110,115,2
621,9,20,1.5,3,50,20,1
622,9,20,1.5,3,50,20,1.5
623,9,20,1.5,3,50,20,2
624,9,20,1.5,3,50,67.5,1
625,9,20,1.5,3,50,67.5,1.5
626,9,20,1.5,3,50,67.5,2
627,9,20,1.5,3,50,115,1
628,9,20,1.5,3,50,115,1.5
629,9,20,1.5,3,50,115,2
630,9,20,1.5,3,80,20,1
631,9,20,1.5,3,80,20,1.5
632,9,20,1.5,3,80,20,2
633,9,20,1.5,3,80,67.5,1
634,9,20,1.5,3,80,67.5,1.5
635,9,20,1.5,3,80,67.5,2
636,9,20,1.5,3,80,115,1
637,9,20,1.5,3,80,115,1.5
638,9,20,1.5,3,80,115,2
639,9,20,1.5,3,110,20,1
640,9,20,1.5,3,110,20,1.5
641,9,20,1.5,3,110,20,2
642,9,20,1.5,3,110,67.5,1
643,9,20,1.5,3,110,67.5,1.5
644,9,20,1.5,3,110,67.5,2
645,9,20,1.5,3,110,115,1
646,9,20,1.5,3,110,115,1.5
647,9,20,1.5,3,110,115,2
648,9,20,1.5,5,50,20,1
649,9,20,1.5,5,50,20,1.5
650,9,20,1.5,5,50,20,2
651,9,20,1.5,5,50,67.5,1
652,9,20,1.5,5,50,67.5,1.5
653,9,20,1.5,5,50,67.5,2
654,9,20,1.5,5,50,115,1
655,9,20,1.5,5,50,115,1.5
656,9,20,1.5,5,50,115,2
657,9,20,1.5,5,80,20,1
658,9,20,1.5,5,80,20,1.5
659,9,20,1.5,5,80,20,2
660,9,20,1.5,5,80,67.5,1
661,9,20,1.5,5,80,67.5,1.5
662,9,20,1.5,5,80,67.5,2
663,9,20,1.5,5,80,115,1
664,9,20,1.5,5,80,115,1.5
665,9,20,1.5,5,80,115,2
666,9,20,1.5,5,110,20,1
667,9,20,1.5,5,110,20,1.5
668,9,20,1.5,5,110,20,2
669,9,20,1.5,5,110,67.5,1
670,9,20,1.5,5,110,67.5,1.5
671,9,20,1.5,5,110,67.5,2
672,9,20,1.5,5,110,115,1
673,9,20,1.5,5,110,115,1.5
674,9,20,1.5,5,110,115,2
675,9,20,2,3,50,20,1
676,9,20,2,3,50,20,1.5
677,9,20,2,3,50,20,2
678,9,20,2,3,50,67.5,1
679,9,20,2,3,50,67.5,1.5
680,9,20,2,3,50,67.5,2
681,9,20,2,3,50,115,1
682,9,20,2,3,50,115,1.5
683,9,20,2,3,50,115,2
684,9,20,2,3,80,20,1
685,9,20,2,3,80,20,1.5
686,9,20,2,3,80,20,2
687,9,20,2,3,80,67.5,1
688,9,20,2,3,80,67.5,1.5
689,9,20,2,3,80,67.5,2
690,9,20,2,3,80,115,1
691,9,20,2,3,80,115,1.5
692,9,20,2,3,80,115,2
693,9,20,2,3,110,20,1
694,9,20,2,3,110,20,1.5
695,9,20,2,3,110,20,2
696,9,20,2,3,110,67.5,1
697,9,20,2,3,110,67.5,1.5
698,9,20,2,3,110,67.5,2
699,9,20,2,3,110,115,1
700,9,20,2,3,110,115,1.5
701,9,20,2,3,110,115,2
702,9,20,2,5,50,20,1
703,9,20,2,5,50,20,1.5
704,9,20,2,5,50,20,2
705,9,20,2,5,50,67.5,1
706,9,20,2,5,50,67.5,1.5
707,9,20,2,5,50,67.5,2
708,9,20,2,5,50,115,1
709,9,20,2,5,50,115,1.5
710,9,20,2,5,50,115,2
711,9,20,2,5,80,20,1
712,9,20,2,5,80,20,1.5
713,9,20,2,5,80,20,2
714,9,20,2,5,80,67.5,1
715,9,20,2,5,80,67.5,1.5
716,9,20,2,5,80,67.5,2
717,9,20,2,5,80,115,1
718,9,20,2,5,80,115,1.5
719,9,20,2,5,80,115,2
720,9,20,2,5,110,20,1
721,9,20,2,5,110,20,1.5
722,9,20,2,5,110,20,2
723,9,20,2,5,110,67.5,1
724,9,20,2,5,110,67.5,1.5
725,9,20,2,5,110,67.5,2
726,9,20,2,5,110,115,1
727,9,20,2,5,110,115,1.5
728,9,20,2,5,110,115,2
729,9,30,1,3,50,20,1
730,9,30,1,3,50,20,1.5
731,9,30,1,3,50,20,2
732,9,30,1,3,50,67.5,1
733,9,30,1,3,50,67.5,1.5
734,9,30,1,3,50,67.5,2
735,9,30,1,3,50,115,1
736,9,30,1,3,50,115,1.5
737,9,30,1,3,50,115,2
738,9,30,1,3,80,20,1
739,9,30,1,3,80,20,1.5
740,9,30,1,3,80,20,2
741,9,30,1,3,80,67.5,1
742,9,30,1,3,80,67.5,1.5
743,9,30,1,3,80,67.5,2
744,9,30,1,3,80,115,1
745,9,30,1,3,80,115,1.5
746,9,30,1,3,80,115,2
747,9,30,1,3,110,20,1
748,9,30,1,3,110,20,1.5
749,9,30,1,3,110,20,2
750,9,30,1,3,110,67.5,1
751,9,30,1,3,110,67.5,1.5
752,9,30,1,3,110,67.5,2
753,9,30,1,3,110,115,1
754,9,30,1,3,110,115,1.5
755,9,30,1,3,110,115,2
756,9,30,1,5,50,20,1
757,9,30,1,5,50,20,1.5
758,9,30,1,5,50,20,2
759,9,30,1,5,50,67.5,1
760,9,30,1,5,50,67.5,1.5
761,9,30,1,5,50,67.5,2
762,9,30,1,5,50,115,1
763,9,30,1,5,50,115,1.5
764,9,30,1,5,50,115,2
765,9,30,1,5,80,20,1
766,9,30,1,5,80,20,1.5
767,9,30,1,5,80,20,2
768,9,30,1,5,80,67.5,1
769,9,30,1,5,80,67.5,1.5
770,9,30,1,5,80,67.5,2
771,9,30,1,5,80,115,1
772,9,30,1,5,80,115,1.5
773,9,30,1,5,80,115,2
774,9,30,1,5,110,20,1
775,9,30,1,5,110,20,1.5
776,9,30,1,5,110,20,2
777,9,30,1,5,110,67.5,1
778,9,30,1,5,110,67.5,1.5
779,9,30,1,5,110,67.5,2
780,9,30,1,5,110,115,1
781,9,30,1,5,110,115,1.5
782,9,30,1,5,110,115,2
783,9,30,1.5,3,50,20,1
784,9,30,1.5,3,50,20,1.5
785,9,30,1.5,3,50,20,2
786,9,30,1.5,3,50,67.5,1
787,9,30,1.5,3,50,67.5,1.5
788,9,30,1.5,3,50,67.5,2
789,9,30,1.5,3,50,115,1
790,9,30,1.5,3,50,115,1.5
791,9,30,1.5,3,50,115,2
792,9,30,1.5,3,80,20,1
793,9,30,1.5,3,80,20,1.5
794,9,30,1.5,3,80,20,2
795,9,30,1.5,3,80,67.5,1
796,9,30,1.5,3,80,67.5,1.5
797,9,30,1.5,3,80,67.5,2
798,9,30,1.5,3,80,115,1
799,9,30,1.5,3,80,115,1.5
800,9,30,1.5,3,80,115,2
801,9,30,1.5,3,110,20,1
802,9,30,1.5,3,110,20,1.5
803,9,30,1.5,3,110,20,2
804,9,30,1.5,3,110,67.5,1
805,9,30,1.5,3,110,67.5,1.5
806,9,30,1.5,3,110,67.5,2
807,9,30,1.5,3,110,115,1
808,9,30,1.5,3,110,115,1.5
809,9,30,1.5,3,110,115,2
810,9,30,1.5,5,50,20,1
811,9,30,1.5,5,50,20,1.5
812,9,30,1.5,5,50,20,2
813,9,30,1.5,5,50,67.5,1
814,9,30,1.5,5,50,67.5,1.5
815,9,30,1.5,5,50,67.5,2
816,9,30,1.5,5,50,115,1
817,9,30,1.5,5,50,115,1.5
818,9,30,1.5,5,50,115,2
819,9,30,1.5,5,80,20,1
820,9,30,1.5,5,80,20,1.5
821,9,30,1.5,5,80,20,2
822,9,30,1.5,5,80,67.5,1
823,9,30,1.5,5,80,67.5,1.5
824,9,30,1.5,5,80,67.5,2
825,9,30,1.5,5,80,115,1
826,9,30,1.5,5,80,115,1.5
827,9,30,1.5,5,80,115,2
828,9,30,1.5,5,110,20,1
829,9,30,1.5,5,110,20,1.5
830,9,30,1.5,5,110,20,2
831,9,30,1.5,5,110,67.5,1
832,9,30,1.5,5,110,67.5,1.5
833,9,30,1.5,5,110,67.5,2
834,9,30,1.5,5,110,115,1
835,9,30,1.5,5,110,115,1.5
836,9,30,1.5,5,110,115,2
837,9,30,2,3,50,20,1
838,9,30,2,3,50,20,1.5
839,9,30,2,3,50,20,2
840,9,30,2,3,50,67.5,1
841,9,30,2,3,50,67.5,1.5
842,9,30,2,3,50,67.5,2
843,9,30,2,3,50,115,1
844,9,30,2,3,50,115,1.5
845,9,30,2,3,50,115,2
846,9,30,2,3,80,20,1
847,9,30,2,3,80,20,1.5
848,9,30,2,3,80,20,2
849,9,30,2,3,80,67.5,1
850,9,30,2,3,80,67.5,1.5
851,9,30,2,3,80,67.5,2
852,9,30,2,3,80,115,1
853,9,30,2,3,80,115,1.5
854,9,30,2,3,80,115,2
855,9,30,2,3,110,20,1
856,9,30,2,3,110,20,1.5
857,9,30,2,3,110,20,2
858,9,30,2,3,110,67.5,1
859,9,30,2,3,110,67.5,1.5
860,9,30,2,3,110,67.5,2
861,9,30,2,3,110,115,1
862,9,30,2,3,110,115,1.5
863,9,30,2,3,110,115,2
864,9,30,2,5,50,20,1
865,9,30,2,5,50,20,1.5
866,9,30,2,5,50,20,2
867,9,30,2,5,50,67.5,1
868,9,30,2,5,50,67.5,1.5
869,9,30,2,5,50,67.5,2
870,9,30,2,5,50,115,1
871,9,30,2,5,50,115,1.5
872,9,30,2,5,50,115,2
873,9,30,2,5,80,20,1
874,9,30,2,5,80,20,1.5
875,9,30,2,5,80,20,2
876,9,30,2,5,80,67.5,1
877,9,30,2,5,80,67.5,1.5
878,9,30,2,5,80,67.5,2
879,9,30,2,5,80,115,1
880,9,30,2,5,80,115,1.5
881,9,30,2,5,80,115,2
882,9,30,2,5,110,20,1
883,9,30,2,5,110,20,1.5
884,9,30,2,5,110,20,2
885,9,30,2,5,110,67.5,1
886,9,30,2,5,110,67.5,1.5
887,9,30,2,5,110,67.5,2
888,9,30,2,5,110,115,1
889,9,30,2,5,110,115,1.5
890,9,30,2,5,110,115,2
891,9,40,1,3,50,20,1
892,9,40,1,3,50,20,1.5
893,9,40,1,3,50,20,2
894,9,40,1,3,50,67.5,1
895,9,40,1,3,50,67.5,1.5
896,9,40,1,3,50,67.5,2
897,9,40,1,3,50,115,1
898,9,40,1,3,50,115,1.5
899,9,40,1,3,50,115,2
900,9,40,1,3,80,20,1
901,9,40,1,3,80,20,1.5
902,9,40,1,3,80,20,2
903,9,40,1,3,80,67.5,1
904,9,40,1,3,80,67.5,1.5
905,9,40,1,3,80,67.5,2
906,9,40,1,3,80,115,1
907,9,40,1,3,80,115,1.5
908,9,40,1,3,80,115,2
909,9,40,1,3,110,20,1
910,9,40,1,3,110,20,1.5
911,9,40,1,3,110,20,2
912,9,40,1,3,110,67.5,1
913,9,40,1,3,110,67.5,1.5
914,9,40,1,3,110,67.5,2
915,9,40,1,3,110,115,1
916,9,40,1,3,110,115,1.5
917,9,40,1,3,110,115,2
918,9,40,1,5,50,20,1
919,9,40,1,5,50,20,1.5
920,9,40,1,5,50,20,2
921,9,40,1,5,50,67.5,1
922,9,40,1,5,50,67.5,1.5
923,9,40,1,5,50,67.5,2
924,9,40,1,5,50,115,1
925,9,40,1,5,50,115,1.5
926,9,40,1,5,50,115,2
927,9,40,1,5,80,20,1
928,9,40,1,5,80,20,1.5
929,9,40,1,5,80,20,2
930,9,40,1,5,80,67.5,1
931,9,40,1,5,80,67.5,1.5
932,9,40,1,5,80,67.5,2
933,9,40,1,5,80,115,1
934,9,40,1,5,80,115,1.5
935,9,40,1,5,80,115,2
936,9,40,1,5,110,20,1
937,9,40,1,5,110,20,1.5
938,9,40,1,5,110,20,2
939,9,40,1,5,110,67.5,1
940,9,40,1,5,110,67.5,1.5
941,9,40,1,5,110,67.5,2
942,9,40,1,5,110,115,1
943,9,40,1,5,110,115,1.5
944,9,40,1,5,110,115,2
945,9,40,1.5,3,50,20,1
946,9,40,1.5,3,50,20,1.5
947,9,40,1.5,3,50,20,2
948,9,40,1.5,3,50,67.5,1
949,9,40,1.5,3,50,67.5,1.5
950,9,40,1.5,3,50,67.5,2
951,9,40,1.5,3,50,115,1
952,9,40,1.5,3,50,115,1.5
953,9,40,1.5,3,50,115,2
954,9,40,1.5,3,80,20,1
955,9,40,1.5,3,80,20,1.5
956,9,40,1.5,3,80,20,2
957,9,40,1.5,3,80,67.5,1
958,9,40,1.5,3,80,67.5,1.5
959,9,40,1.5,3,80,67.5,2
960,9,40,1.5,3,80,115,1
961,9,40,1.5,3,80,115,1.5
962,9,40,1.5,3,80,115,2
963,9,40,1.5,3,110,20,1
964,9,40,1.5,3,110,20,1.5
965,9,40,1.5,3,110,20,2
966,9,40,1.5,3,110,67.5,1
967,9,40,1.5,3,110,67.5,1.5
968,9,40,1.5,3,110,67.5,2
969,9,40,1.5,3,110,115,1
970,9,40,1.5,3,110,115,1.5
971,9,40,1.5,3,110,115,2
972,9,40,1.5,5,50,20,1
973,9,40,1.5,5,50,20,1.5
974,9,40,1.5,5,50,20,2
975,9,40,1.5,5,50,67.5,1
976,9,40,1.5,5,50,67.5,1.5
977,9,40,1.5,5,50,67.5,2
978,9,40,1.5,5,50,115,1
979,9,40,1.5,5,50,115,1.5
980,9,40,1.5,5,50,115,2
981,9,40,1.5,5,80,20,1
982,9,40,1.5,5,80,20,1.5
983,9,40,1.5,5,80,20,2
984,9,40,1.5,5,80,67.5,1
985,9,40,1.5,5,80,67.5,1.5
986,9,40,1.5,5,80,67.5,2
987,9,40,1.5,5,80,115,1
988,9,40,1.5,5,80,115,1.5
989,9,40,1.5,5,80,115,2
990,9,40,1.5,5,110,20,1
991,9,40,1.5,5,110,20,1.5
992,9,40,1.5,5,110,20,2
993,9,40,1.5,5,110,67.5,1
994,9,40,1.5,5,110,67.5,1.5
995,9,40,1.5,5,110,67.5,2
996,9,40,1.5,5,110,115,1
997,9,40,1.5,5,110,115,1.5
998,9,40,1.5,5,110,115,2
999,9,40,2,3,50,20,1
1000,9,40,2,3,50,20,1.5
1001,9,40,2,3,50,20,2
1002,9,40,2,3,50,67.5,1
1003,9,40,2,3,50,67.5,1.5
1004,9,40,2,3,50,67.5,2
1005,9,40,2,3,50,115,1
1006,9,40,2,3,50,115,1.5
1007,9,40,2,3,50,115,2
1008,9,40,2,3,80,20,1
1009,9,40,2,3,80,20,1.5
1010,9,40,2,3,80,20,2
1011,9,40,2,3,80,67.5,1
1012,9,40,2,3,80,67.5,1.5
1013,9,40,2,3,80,67.5,2
1014,9,40,2,3,80,115,1
1015,9,40,2,3,80,115,1.5
1016,9,40,2,3,80,115,2
1017,9,40,2,3,110,20,1
1018,9,40,2,3,110,20,1.5
1019,9,40,2,3,110,20,2
1020,9,40,2,3,110,67.5,1
1021,9,40,2,3,110,67.5,1.5
1022,9,40,2,3,110,67.5,2
1023,9,40,2,3,110,115,1
1024,9,40,2,3,110,115,1.5
1025,9,40,2,3,110,115,2
1026,9,40,2,5,50,20,1
1027,9,40,2,5,50,20,1.5
1028,9,40,2,5,50,20,2
1029,9,40,2,5,50,67.5,1
1030,9,40,2,5,50,67.5,1.5
1031,9,40,2,5,50,67.5,2
1032,9,40,2,5,50,115,1
1033,9,40,2,5,50,115,1.5
1034,9,40,2,5,50,115,2
1035,9,40,2,5,80,20,1
1036,9,40,2,5,80,20,1.5
1037,9,40,2,5,80,20,2
1038,9,40,2,5,80,67.5,1
1039,9,40,2,5,80,67.5,1.5
1040,9,40,2,5,80,67.5,2
1041,9,40,2,5,80,115,1
1042,9,40,2,5,80,115,1.5
1043,9,40,2,5,80,115,2
1044,9,40,2,5,110,20,1
1045,9,40,2,5,110,20,1.5
1046,9,40,2,5,110,20,2
1047,9,40,2,5,110,67.5,1
1048,9,40,2,5,110,67.5,1.5
1049,9,40,2,5,110,67.5,2
1050,9,40,2,5,110,115,1
1051,9,40,2,5,110,115,1.5
1052,9,40,2,5,110,115,2
1053,14,20,1,3,50,20,1
1054,14,20,1,3,50,20,1.5
1055,14,20,1,3,50,20,2
1056,14,20,1,3,50,67.5,1
1057,14,20,1,3,50,67.5,1.5
1058,14,20,1,3,50,67.5,2
1059,14,20,1,3,50,115,1
1060,14,20,1,3,50,115,1.5
1061,14,20,1,3,50,115,2
1062,14,20,1,3,80,20,1
1063,14,20,1,3,80,20,1.5
1064,14,20,1,3,80,20,2
1065,14,20,1,3,80,67.5,1
1066,14,20,1,3,80,67.5,1.5
1067,14,20,1,3,80,67.5,2
1068,14,20,1,3,80,115,1
1069,14,20,1,3,80,115,1.5
1070,14,20,1,3,80,115,2
1071,14,20,1,3,110,20,1
1072,14,20,1,3,110,20,1.5
1073,14,20,1,3,110,20,2
1074,14,20,1,3,110,67.5,1
1075,14,20,1,3,110,67.5,1.5
1076,14,20,1,3,110,67.5,2
1077,14,20,1,3,110,115,1
1078,14,20,1,3,110,115,1.5
1079,14,20,1,3,110,115,2
1080,14,20,1,5,50,20,1
1081,14,20,1,5,50,20,1.5
1082,14,20,1,5,50,20,2
1083,14,20,1,5,50,67.5,1
1084,14,20,1,5,50,67.5,1.5
1085,14,20,1,5,50,67.5,2
1086,14,20,1,5,50,115,1
1087,14,20,1,5,50,115,1.5
1088,14,20,1,5,50,115,2
1089,14,20,1,5,80,20,1
1090,14,20,1,5,80,20,1.5
1091,14,20,1,5,80,20,2
1092,14,20,1,5,80,67.5,1
1093,14,20,1,5,80,67.5,1.5
1094,14,20,1,5,80,67.5,2
1095,14,20,1,5,80,115,1
1096,14,20,1,5,80,115,1.5
1097,14,20,1,5,80,115,2
1098,14,20,1,5,110,20,1
1099,14,20,1,5,110,20,1.5
1100,14,20,1,5,110,20,2
1101,14,20,1,5,110,67.5,1
1102,14,20,1,5,110,67.5,1.5
1103,14,20,1,5,110,67.5,2
1104,14,20,1,5,110,115,1
1105,14,20,1,5,110,115,1.5
1106,14,20,1,5,110,115,2
1107,14,20,1.5,3,50,20,1
1108,14,20,1.5,3,50,20,1.5
1109,14,20,1.5,3,50,20,2
1110,14,20,1.5,3,50,67.5,1
1111,14,20,1.5,3,50,67.5,1.5
1112,14,20,1.5,3,50,67.5,2
1113,14,20,1.5,3,50,115,1
1114,14,20,1.5,3,50,115,1.5
1115,14,20,1.5,3,50,115,2
1116,14,20,1.5,3,80,20,1
1117,14,20,1.5,3,80,20,1.5
1118,14,20,1.5,3,80,20,2
1119,14,20,1.5,3,80,67.5,1
1120,14,20,1.5,3,80,67.5,1.5
1121,14,20,1.5,3,80,67.5,2
1122,14,20,1.5,3,80,115,1
1123,14,20,1.5,3,80,115,1.5
1124,14,20,1.5,3,80,115,2
1125,14,20,1.5,3,110,20,1
1126,14,20,1.5,3,110,20,1.5
1127,14,20,1.5,3,110,20,2
1128,14,20,1.5,3,110,67.5,1
1129,14,20,1.5,3,110,67.5,1.5
1130,14,20,1.5,3,110,67.5,2
1131,14,20,1.5,3,110,115,1
1132,14,20,1.5,3,110,115,1.5
1133,14,20,1.5,3,110,115,2
1134,14,20,1.5,5,50,20,1
1135,14,20,1.5,5,50,20,1.5
1136,14,20,1.5,5,50,20,2
1137,14,20,1.5,5,50,67.5,1
1138,14,20,1.5,5,50,67.5,1.5
1139,14,20,1.5,5,50,67.5,2
1140,14,20,1.5,5,50,115,1
1141,14,20,1.5,5,50,115,1.5
1142,14,20,1.5,5,50,115,2
1143,14,20,1.5,5,80,20,1
1144,14,20,1.5,5,80,20,1.5
1145,14,20,1.5,5,80,20,2
1146,14,20,1.5,5,80,67.5,1
1147,14,20,1.5,5,80,67.5,1.5
1148,14,20,1.5,5,80,67.5,2
1149,14,20,1.5,5,80,115,1
1150,14,20,1.5,5,80,115,1.5
1151,14,20,1.5,5,80,115,2
1152,14,20,1.5,5,110,20,1
1153,14,20,1.5,5,110,20,1.5
1154,14,20,1.5,5,110,20,2
1155,14,20,1.5,5,110,67.5,1
1156,14,20,1.5,5,110,67.5,1.5
1157,14,20,1.5,5,110,67.5,2
1158,14,20,1.5,5,110,115,1
1159,14,20,1.5,5,110,115,1.5
1160,14,20,1.5,5,110,115,2
1161,14,20,2,3,50,20,1
1162,14,20,2,3,50,20,1.5
1163,14,20,2,3,50,20,2
1164,14,20,2,3,50,67.5,1
1165,14,20,2,3,50,67.5,1.5
1166,14,20,2,3,50,67.5,2
1167,14,20,2,3,50,115,1
1168,14,20,2,3,50,115,1.5
1169,14,20,2,3,50,115,2
1170,14,20,2,3,80,20,1
1171,14,20,2,3,80,20,1.5
1172,14,20,2,3,80,20,2
1173,14,20,2,3,80,67.5,1
1174,14,20,2,3,80,67.5,1.5
1175,14,20,2,3,80,67.5,2
1176,14,20,2,3,80,115,1
1177,14,20,2,3,80,115,1.5
1178,14,20,2,3,80,115,2
1179,14,20,2,3,110,20,1
1180,14,20,2,3,110,20,1.5
1181,14,20,2,3,110,20,2
1182,14,20,2,3,110,67.5,1
1183,14,20,2,3,110,67.5,1.5
1184,14,20,2,3,110,67.5,2
1185,14,20,2,3,110,115,1
1186,14,20,2,3,110,115,1.5
1187,14,20,2,3,110,115,2
1188,14,20,2,5,50,20,1
1189,14,20,2,5,50,20,1.5
1190,14,20,2,5,50,20,2
1191,14,20,2,5,50,67.5,1
1192,14,20,2,5,50,67.5,1.5
1193,14,20,2,5,50,67.5,2
1194,14,20,2,5,50,115,1
1195,14,20,2,5,50,115,1.5
1196,14,20,2,5,50,115,2
1197,14,20,2,5,80,20,1
1198,14,20,2,5,80,20,1.5
1199,14,20,2,5,80,20,2
1200,14,20,2,5,80,67.5,1
1201,14,20,2,5,80,67.5,1.5
1202,14,20,2,5,80,67.5,2
1203,14,20,2,5,80,115,1
1204,14,20,2,5,80,115,1.5
1205,14,20,2,5,80,115,2
1206,14,20,2,5,110,20,1
1207,14,20,2,5,110,20,1.5
1208,14,20,2,5,110,20,2
1209,14,20,2,5,110,67.5,1
1210,14,20,2,5,110,67.5,1.5
1211,14,20,2,5,110,67.5,2
1212,14,20,2,5,110,115,1
1213,14,20,2,5,110,115,1.5
1214,14,20,2,5,110,115,2
1215,14,30,1,3,50,20,1
1216,14,30,1,3,50,20,1.5
1217,14,30,1,3,50,20,2
1218,14,30,1,3,50,67.5,1
1219,14,30,1,3,50,67.5,1.5
1220,14,30,1,3,50,67.5,2
1221,14,30,1,3,50,115,1
1222,14,30,1,3,50,115,1.5
1223,14,30,1,3,50,115,2
1224,14,30,1,3,80,20,1
1225,14,30,1,3,80,20,1.5
1226,14,30,1,3,80,20,2
1227,14,30,1,3,80,67.5,1
1228,14,30,1,3,80,67.5,1.5
1229,14,30,1,3,80,67.5,2
1230,14,30,1,3,80,115,1
1231,14,30,1,3,80,115,1.5
1232,14,30,1,3,80,115,2
1233,14,30,1,3,110,20,1
1234,14,30,1,3,110,20,1.5
1235,14,30,1,3,110,20,2
1236,14,30,1,3,110,67.5,1
1237,14,30,1,3,110,67.5,1.5
1238,14,30,1,3,110,67.5,2
1239,14,30,1,3,110,115,1
1240,14,30,1,3,110,115,1.5
1241,14,30,1,3,110,115,2
1242,14,30,1,5,50,20,1
1243,14,30,1,5,50,20,1.5
1244,14,30,1,5,50,20,2
1245,14,30,1,5,50,67.5,1
1246,14,30,1,5,50,67.5,1.5
1247,14,30,1,5,50,67.5,2
1248,14,30,1,5,50,115,1
1249,14,30,1,5,50,115,1.5
1250,14,30,1,5,50,115,2
1251,14,30,1,5,80,20,1
1252,14,30,1,5,80,20,1.5
1253,14,30,1,5,80,20,2
1254,14,30,1,5,80,67.5,1
1255,14,30,1,5,80,67.5,1.5
1256,14,30,1,5,80,67.5,2
1257,14,30,1,5,80,115,1
1258,14,30,1,5,80,115,1.5
1259,14,30,1,5,80,115,2
1260,14,30,1,5,110,20,1
1261,14,30,1,5,110,20,1.5
1262,14,30,1,5,110,20,2
1263,14,30,1,5,110,67.5,1
1264,14,30,1,5,110,67.5,1.5
1265,14,30,1,5,110,67.5,2
1266,14,30,1,5,110,115,1
1267,14,30,1,5,110,115,1.5
1268,14,30,1,5,110,115,2
1269,14,30,1.5,3,50,20,1
1270,14,30,1.5,3,50,20,1.5
1271,14,30,1.5,3,50,20,2
1272,14,30,1.5,3,50,67.5,1
1273,14,30,1.5,3,50,67.5,1.5
1274,14,30,1.5,3,50,67.5,2
1275,14,30,1.5,3,50,115,1
1276,14,30,1.5,3,50,115,1.5
1277,14,30,1.5,3,50,115,2
1278,14,30,1.5,3,80,20,1
1279,14,30,1.5,3,80,20,1.5
1280,14,30,1.5,3,80,20,2
1281,14,30,1.5,3,80,67.5,1
1282,14,30,1.5,3,80,67.5,1.5
1283,14,30,1.5,3,80,67.5,2
1284,14,30,1.5,3,80,115,1
1285,14,30,1.5,3,80,115,1.5
1286,14,30,1.5,3,80,115,2
1287,14,30,1.5,3,110,20,1
1288,14,30,1.5,3,110,20,1.5
1289,14,30,1.5,3,110,20,2
1290,14,30,1.5,3,110,67.5,1
1291,14,30,1.5,3,110,67.5,1.5
1292,14,30,1.5,3,110,67.5,2
1293,14,30,1.5,3,110,115,1
1294,14,30,1.5,3,110,115,1.5
1295,14,30,1.5,3,110,115,2
1296,14,30,1.5,5,50,20,1
1297,14,30,1.5,5,50,20,1.5
1298,14,30,1.5,5,50,20,2
1299,14,30,1.5,5,50,67.5,1
1300,14,30,1.5,5,50,67.5,1.5
1301,14,30,1.5,5,50,67.5,2
1302,14,30,1.5,5,50,115,1
1303,14,30,1.5,5,50,115,1.5
1304,14,30,1.5,5,50,115,2
1305,14,30,1.5,5,80,20,1
1306,14,30,1.5,5,80,20,1.5
1307,14,30,1.5,5,80,20,2
1308,14,30,1.5,5,80,67.5,1
1309,14,30,1.5,5,80,67.5,1.5
1310,14,30,1.5,5,80,67.5,2
1311,14,30,1.5,5,80,115,1
1312,14,30,1.5,5,80,115,1.5
1313,14,30,1.5,5,80,115,2
1314,14,30,1.5,5,110,20,1
1315,14,30,1.5,5,110,20,1.5
1316,14,30,1.5,5,110,20,2
1317,14,30,1.5,5,110,67.5,1
1318,14,30,1.5,5,110,67.5,1.5
1319,14,30,1.5,5,110,67.5,2
1320,14,30,1.5,5,110,115,1
1321,14,30,1.5,5,110,115,1.5
1322,14,30,1.5,5,110,115,2
1323,14,30,2,3,50,20,1
1324,14,30,2,3,50,20,1.5
1325,14,30,2,3,50,20,2
1326,14,30,2,3,50,67.5,1
1327,14,30,2,3,50,67.5,1.5
1328,14,30,2,3,50,67.5,2
1329,14,30,2,3,50,115,1
1330,14,30,2,3,50,115,1.5
1331,14,30,2,3,50,115,2
1332,14,30,2,3,80,20,1
1333,14,30,2,3,80,20,1.5
1334,14,30,2,3,80,20,2
1335,14,30,2,3,80,67.5,1
1336,14,30,2,3,80,67.5,1.5
1337,14,30,2,3,80,67.5,2
1338,14,30,2,3,80,115,1
1339,14,30,2,3,80,115,1.5
1340,14,30,2,3,80,115,2
1341,14,30,2,3,110,20,1
1342,14,30,2,3,110,20,1.5
1343,14,30,2,3,110,20,2
1344,14,30,2,3,110,67.5,1
1345,14,30,2,3,110,67.5,1.5
1346,14,30,2,3,110,67.5,2
1347,14,30,2,3,110,115,1
1348,14,30,2,3,110,115,1.5
1349,14,30,2,3,110,115,2
1350,14,30,2,5,50,20,1
1351,14,30,2,5,50,20,1.5
1352,14,30,2,5,50,20,2
1353,14,30,2,5,50,67.5,1
1354,14,30,2,5,50,67.5,1.5
1355,14,30,2,5,50,67.5,2
1356,14,30,2,5,50,115,1
1357,14,30,2,5,50,115,1.5
1358,14,30,2,5,50,115,2
1359,14,30,2,5,80,20,1
1360,14,30,2,5,80,20,1.5
1361,14,30,2,5,80,20,2
1362,14,30,2,5,80,67.5,1
1363,14,30,2,5,80,67.5,1.5
1364,14,30,2,5,80,67.5,2
1365,14,30,2,5,80,115,1
1366,14,30,2,5,80,115,1.5
1367,14,30,2,5,80,115,2
1368,14,30,2,5,110,20,1
1369,14,30,2,5,110,20,1.5
1370,14,30,2,5,110,20,2
1371,14,30,2,5,110,67.5,1
1372,14,30,2,5,110,67.5,1.5
1373,14,30,2,5,110,67.5,2
1374,14,30,2,5,110,115,1
1375,14,30,2,5,110,115,1.5
1376,14,30,2,5,110,115,2
1377,14,40,1,3,50,20,1
1378,14,40,1,3,50,20,1.5
1379,14,40,1,3,50,20,2
1380,14,40,1,3,50,67.5,1
1381,14,40,1,3,50,67.5,1.5
1382,14,40,1,3,50,67.5,2
1383,14,40,1,3,50,115,1
1384,14,40,1,3,50,115,1.5
1385,14,40,1,3,50,115,2
1386,14,40,1,3,80,20,1
1387,14,40,1,3,80,20,1.5
1388,14,40,1,3,80,20,2
1389,14,40,1,3,80,67.5,1
1390,14,40,1,3,80,67.5,1.5
1391,14,40,1,3,80,67.5,2
1392,14,40,1,3,80,115,1
1393,14,40,1,3,80,115,1.5
1394,14,40,1,3,80,115,2
1395,14,40,1,3,110,20,1
1396,14,40,1,3,110,20,1.5
1397,14,40,1,3,110,20,2
1398,14,40,1,3,110,67.5,1
1399,14,40,1,3,110,67.5,1.5
1400,14,40,1,3,110,67.5,2
1401,14,40,1,3,110,115,1
1402,14,40,1,3,110,115,1.5
1403,14,40,1,3,110,115,2
1404,14,40,1,5,50,20,1
1405,14,40,1,5,50,20,1.5
1406,14,40,1,5,50,20,2
1407,14,40,1,5,50,67.5,1
1408,14,40,1,5,50,67.5,1.5
1409,14,40,1,5,50,67.5,2
1410,14,40,1,5,50,115,1
1411,14,40,1,5,50,115,1.5
1412,14,40,1,5,50,115,2
1413,14,40,1,5,80,20,1
1414,14,40,1,5,80,20,1.5
1415,14,40,1,5,80,20,2
1416,14,40,1,5,80,67.5,1
1417,14,40,1,5,80,67.5,1.5
1418,14,40,1,5,80,67.5,2
1419,14,40,1,5,80,115,1
1420,14,40,1,5,80,115,1.5
1421,14,40,1,5,80,115,2
1422,14,40,1,5,110,20,1
1423,14,40,1,5,110,20,1.5
1424,14,40,1,5,110,20,2
1425,14,40,1,5,110,67.5,1
1426,14,40,1,5,110,67.5,1.5
1427,14,40,1,5,110,67.5,2
1428,14,40,1,5,110,115,1
1429,14,40,1,5,110,115,1.5
1430,14,40,1,5,110,115,2
1431,14,40,1.5,3,50,20,1
1432,14,40,1.5,3,50,20,1.5
1433,14,40,1.5,3,50,20,2
1434,14,40,1.5,3,50,67.5,1
1435,14,40,1.5,3,50,67.5,1.5
1436,14,40,1.5,3,50,67.5,2
1437,14,40,1.5,3,50,115,1
1438,14,40,1.5,3,50,115,1.5
1439,14,40,1.5,3,50,115,2
1440,14,40,1.5,3,80,20,1
1441,14,40,1.5,3,80,20,1.5
1442,14,40,1.5,3,80,20,2
1443,14,40,1.5,3,80,67.5,1
1444,14,40,1.5,3,80,67.5,1.5
1445,14,40,1.5,3,80,67.5,2
1446,14,40,1.5,3,80,115,1
1447,14,40,1.5,3,80,115,1.5
1448,14,40,1.5,3,80,115,2
1449,14,40,1.5,3,110,20,1
1450,14,40,1.5,3,110,20,1.5
1451,14,40,1.5,3,110,20,2
1452,14,40,1.5,3,110,67.5,1
1453,14,40,1.5,3,110,67.5,1.5
1454,14,40,1.5,3,110,67.5,2
1455,14,40,1.5,3,110,115,1
1456,14,40,1.5,3,110,115,1.5
1457,14,40,1.5,3,110,115,2
1458,14,40,1.5,5,50,20,1
1459,14,40,1.5,5,50,20,1.5
1460,14,40,1.5,5,50,20,2
1461,14,40,1.5,5,50,67.5,1
1462,14,40,1.5,5,50,67.5,1.5
1463,14,40,1.5,5,50,67.5,2
1464,14,40,1.5,5,50,115,1
1465,14,40,1.5,5,50,115,1.5
1466,14,40,1.5,5,50,115,2
1467,14,40,1.5,5,80,20,1
1468,14,40,1.5,5,80,20,1.5
1469,14,40,1.5,5,80,20,2
1470,14,40,1.5,5,80,67.5,1
1471,14,40,1.5,5,80,67.5,1.5
1472,14,40,1.5,5,80,67.5,2
1473,14,40,1.5,5,80,115,1
1474,14,40,1.5,5,80,115,1.5
1475,14,40,1.5,5,80,115,2
1476,14,40,1.5,5,110,20,1
1477,14,40,1.5,5,110,20,1.5
1478,14,40,1.5,5,110,20,2
1479,14,40,1.5,5,110,67.5,1
1480,14,40,1.5,5,110,67.5,1.5
1481,14,40,1.5,5,110,67.5,2
1482,14,40,1.5,5,110,115,1
1483,14,40,1.5,5,110,115,1.5
1484,14,40,1.5,5,110,115,2
1485,14,40,2,3,50,20,1
1486,14,40,2,3,50,20,1.5
1487,14,40,2,3,50,20,2
1488,14,40,2,3,50,67.5,1
1489,14,40,2,3,50,67.5,1.5
1490,14,40,2,3,50,67.5,2
1491,14,40,2,3,50,115,1
1492,14,40,2,3,50,115,1.5
1493,14,40,2,3,50,115,2
1494,14,40,2,3,80,20,1
1495,14,40,2,3,80,20,1.5
1496,14,40,2,3,80,20,2
1497,14,40,2,3,80,67.5,1
1498,14,40,2,3,80,67.5,1.5
1499,14,40,2,3,80,67.5,2
1500,14,40,2,3,80,115,1
1501,14,40,2,3,80,115,1.5
1502,14,40,2,3,80,115,2
1503,14,40,2,3,110,20,1
1504,14,40,2,3,110,20,1.5
1505,14,40,2,3,110,20,2
1506,14,40,2,3,110,67.5,1
1507,14,40,2,3,110,67.5,1.5
1508,14,40,2,3,110,67.5,2
1509,14,40,2,3,110,115,1
1510,14,40,2,3,110,115,1.5
1511,14,40,2,3,110,115,2
1512,14,40,2,5,50,20,1
1513,14,40,2,5,50,20,1.5
1514,14,40,2,5,50,20,2
1515,14,40,2,5,50,67.5,1
1516,14,40,2,5,50,67.5,1.5
1517,14,40,2,5,50,67.5,2
1518,14,40,2,5,50,115,1
1519,14,40,2,5,50,115,1.5
1520,14,40,2,5,50,115,2
1521,14,40,2,5,80,20,1
1522,14,40,2,5,80,20,1.5
1523,14,40,2,5,80,20,2
1524,14,40,2,5,80,67.5,1
1525,14,40,2,5,80,67.5,1.5
1526,14,40,2,5,80,67.5,2
1527,14,40,2,5,80,115,1
1528,14,40,2,5,80,115,1.5
1529,14,40,2,5,80,115,2
1530,14,40,2,5,110,20,1
1531,14,40,2,5,110,20,1.5
1532,14,40,2,5,110,20,2
1533,14,40,2,5,110,67.5,1
1534,14,40,2,5,110,67.5,1.5
1535,14,40,2,5,110,67.5,2
1536,14,40,2,5,110,115,1
1537,14,40,2,5,110,115,1.5
1538,14,40,2,5,110,115,2
1539,19,20,1,3,50,20,1
1540,19,20,1,3,50,20,1.5
1541,19,20,1,3,50,20,2
1542,19,20,1,3,50,67.5,1
1543,19,20,1,3,50,67.5,1.5
1544,19,20,1,3,50,67.5,2
1545,19,20,1,3,50,115,1
1546,19,20,1,3,50,115,1.5
1547,19,20,1,3,50,115,2
1548,19,20,1,3,80,20,1
1549,19,20,1,3,80,20,1.5
1550,19,20,1,3,80,20,2
1551,19,20,1,3,80,67.5,1
1552,19,20,1,3,80,67.5,1.5
1553,19,20,1,3,80,67.5,2
1554,19,20,1,3,80,115,1
1555,19,20,1,3,80,115,1.5
1556,19,20,1,3,80,115,2
1557,19,20,1,3,110,20,1
1558,19,20,1,3,110,20,1.5
1559,19,20,1,3,110,20,2
1560,19,20,1,3,110,67.5,1
1561,19,20,1,3,110,67.5,1.5
1562,19,20,1,3,110,67.5,2
1563,19,20,1,3,110,115,1
1564,19,20,1,3,110,115,1.5
1565,19,20,1,3,110,115,2
1566,19,20,1,5,50,20,1
1567,19,20,1,5,50,20,1.5
1568,19,20,1,5,50,20,2
1569,19,20,1,5,50,67.5,1
1570,19,20,1,5,50,67.5,1.5
1571,19,20,1,5,50,67.5,2
1572,19,20,1,5,50,115,1
1573,19,20,1,5,50,115,1.5
1574,19,20,1,5,50,115,2
1575,19,20,1,5,80,20,1
1576,19,20,1,5,80,20,1.5
1577,19,20,1,5,80,20,2
1578,19,20,1,5,80,67.5,1
1579,19,20,1,5,80,67.5,1.5
1580,19,20,1,5,80,67.5,2
1581,19,20,1,5,80,115,1
1582,19,20,1,5,80,115,1.5
1583,19,20,1,5,80,115,2
1584,19,20,1,5,110,20,1
1585,19,20,1,5,110,20,1.5
1586,19,20,1,5,110,20,2
1587,19,20,1,5,110,67.5,1
1588,19,20,1,5,110,67.5,1.5
1589,19,20,1,5,110,67.5,2
1590,19,20,1,5,110,115,1
1591,19,20,1,5,110,115,1.5
1592,19,20,1,5,110,115,2
1593,19,20,1.5,3,50,20,1
1594,19,20,1.5,3,50,20,1.5
1595,19,20,1.5,3,50,20,2
1596,19,20,1.5,3,50,67.5,1
1597,19,20,1.5,3,50,67.5,1.5
1598,19,20,1.5,3,50,67.5,2
1599,19,20,1.5,3,50,115,1
1600,19,20,1.5,3,50,115,1.5
1601,19,20,1.5,3,50,115,2
1602,19,20,1.5,3,80,20,1
1603,19,20,1.5,3,80,20,1.5
1604,19,20,1.5,3,80,20,2
1605,19,20,1.5,3,80,67.5,1
1606,19,20,1.5,3,80,67.5,1.5
1607,19,20,1.5,3,80,67.5,2
1608,19,20,1.5,3,80,115,1
1609,19,20,1.5,3,80,115,1.5
1610,19,20,1.5,3,80,115,2
1611,19,20,1.5,3,110,20,1
1612,19,20,1.5,3,110,20,1.5
1613,19,20,1.5,3,110,20,2
1614,19,20,1.5,3,110,67.5,1
1615,19,20,1.5,3,110,67.5,1.5
1616,19,20,1.5,3,110,67.5,2
1617,19,20,1.5,3,110,115,1
1618,19,20,1.5,3,110,115,1.5
1619,19,20,1.5,3,110,115,2
1620,19,20,1.5,5,50,20,1
1621,19,20,1.5,5,50,20,1.5
1622,19,20,1.5,5,50,20,2
1623,19,20,1.5,5,50,67.5,1
1624,19,20,1.5,5,50,67.5,1.5
1625,19,20,1.5,5,50,67.5,2
1626,19,20,1.5,5,50,115,1
1627,19,20,1.5,5,50,115,1.5
1628,19,20,1.5,5,50,115,2
1629,19,20,1.5,5,80,20,1
1630,19,20,1.5,5,80,20,1.5
1631,19,20,1.5,5,80,20,2
1632,19,20,1.5,5,80,67.5,1
1633,19,20,1.5,5,80,67.5,1.5
1634,19,20,1.5,5,80,67.5,2
1635,19,20,1.5,5,80,115,1
1636,19,20,1.5,5,80,115,1.5
1637,19,20,1.5,5,80,115,2
1638,19,20,1.5,5,110,20,1
1639,19,20,1.5,5,110,20,1.5
1640,19,20,1.5,5,110,20,2
1641,19,20,1.5,5,110,67.5,1
1642,19,20,1.5,5,110,67.5,1.5
1643,19,20,1.5,5,110,67.5,2
1644,19,20,1.5,5,110,115,1
1645,19,20,1.5,5,110,115,1.5
1646,19,20,1.5,5,110,115,2
1647,19,20,2,3,50,20,1
1648,19,20,2,3,50,20,1.5
1649,19,20,2,3,50,20,2
1650,19,20,2,3,50,67.5,1
1651,19,20,2,3,50,67.5,1.5
1652,19,20,2,3,50,67.5,2
1653,19,20,2,3,50,115,1
1654,19,20,2,3,50,115,1.5
1655,19,20,2,3,50,115,2
1656,19,20,2,3,80,20,1
1657,19,20,2,3,80,20,1.5
1658,19,20,2,3,80,20,2
1659,19,20,2,3,80,67.5,1
1660,19,20,2,3,80,67.5,1.5
1661,19,20,2,3,80,67.5,2
1662,19,20,2,3,80,115,1
1663,19,20,2,3,80,115,1.5
1664,19,20,2,3,80,115,2
1665,19,20,2,3,110,20,1
1666,19,20,2,3,110,20,1.5
1667,19,20,2,3,110,20,2
1668,19,20,2,3,110,67.5,1
1669,19,20,2,3,110,67.5,1.5
1670,19,20,2,3,110,67.5,2
1671,19,20,2,3,110,115,1
1672,19,20,2,3,110,115,1.5
1673,19,20,2,3,110,115,2
1674,19,20,2,5,50,20,1
1675,19,20,2,5,50,20,1.5
1676,19,20,2,5,50,20,2
1677,19,20,2,5,50,67.5,1
1678,19,20,2,5,50,67.5,1.5
1679,19,20,2,5,50,67.5,2
1680,19,20,2,5,50,115,1
1681,19,20,2,5,50,115,1.5
1682,19,20,2,5,50,115,2
1683,19,20,2,5,80,20,1
1684,19,20,2,5,80,20,1.5
1685,19,20,2,5,80,20,2
1686,19,20,2,5,80,67.5,1
1687,19,20,2,5,80,67.5,1.5
1688,19,20,2,5,80,67.5,2
1689,19,20,2,5,80,115,1
1690,19,20,2,5,80,115,1.5
1691,19,20,2,5,80,115,2
1692,19,20,2,5,110,20,1
1693,19,20,2,5,110,20,1.5
1694,19,20,2,5,110,20,2
1695,19,20,2,5,110,67.5,1
1696,19,20,2,5,110,67.5,1.5
1697,19,20,2,5,110,67.5,2
1698,19,20,2,5,110,115,1
1699,19,20,2,5,110,115,1.5
1700,19,20,2,5,110,115,2
1701,19,30,1,3,50,20,1
1702,19,30,1,3,50,20,1.5
1703,19,30,1,3,50,20,2
1704,19,30,1,3,50,67.5,1
1705,19,30,1,3,50,67.5,1.5
1706,19,30,1,3,50,67.5,2
1707,19,30,1,3,50,115,1
1708,19,30,1,3,50,115,1.5
1709,19,30,1,3,50,115,2
1710,19,30,1,3,80,20,1
1711,19,30,1,3,80,20,1.5
1712,19,30,1,3,80,20,2
1713,19,30,1,3,80,67.5,1
1714,19,30,1,3,80,67.5,1.5
1715,19,30,1,3,80,67.5,2
1716,19,30,1,3,80,115,1
1717,19,30,1,3,80,115,1.5
1718,19,30,1,3,80,115,2
1719,19,30,1,3,110,20,1
1720,19,30,1,3,110,20,1.5
1721,19,30,1,3,110,20,2
1722,19,30,1,3,110,67.5,1
1723,19,30,1,3,110,67.5,1.5
1724,19,30,1,3,110,67.5,2
1725,19,30,1,3,110,115,1
1726,19,30,1,3,110,115,1.5
1727,19,30,1,3,110,115,2
1728,19,30,1,5,50,20,1
1729,19,30,1,5,50,20,1.5
1730,19,30,1,5,50,20,2
1731,19,30,1,5,50,67.5,1
1732,19,30,1,5,50,67.5,1.5
1733,19,30,1,5,50,67.5,2
1734,19,30,1,5,50,115,1
1735,19,30,1,5,50,115,1.5
1736,19,30,1,5,50,115,2
1737,19,30,1,5,80,20,1
1738,19,30,1,5,80,20,1.5
1739,19,30,1,5,80,20,2
1740,19,30,1,5,80,67.5,1
1741,19,30,1,5,80,67.5,1.5
1742,19,30,1,5,80,67.5,2
1743,19,30,1,5,80,115,1
1744,19,30,1,5,80,115,1.5
1745,19,30,1,5,80,115,2
1746,19,30,1,5,110,20,1
1747,19,30,1,5,110,20,1.5
1748,19,30,1,5,110,20,2
1749,19,30,1,5,110,67.5,1
1750,19,30,1,5,110,67.5,1.5
1751,19,30,1,5,110,67.5,2
1752,19,30,1,5,110,115,1
1753,19,30,1,5,110,115,1.5
1754,19,30,1,5,110,115,2
1755,19,30,1.5,3,50,20,1
1756,19,30,1.5,3,50,20,1.5
1757,19,30,1.5,3,50,20,2
1758,19,30,1.5,3,50,67.5,1
1759,19,30,1.5,3,50,67.5,1.5
1760,19,30,1.5,3,50,67.5,2
1761,19,30,1.5,3,50,115,1
1762,19,30,1.5,3,50,115,1.5
1763,19,30,1.5,3,50,115,2
1764,19,30,1.5,3,80,20,1
1765,19,30,1.5,3,80,20,1.5
1766,19,30,1.5,3,80,20,2
1767,19,30,1.5,3,80,67.5,1
1768,19,30,1.5,3,80,67.5,1.5
1769,19,30,1.5,3,80,67.5,2
1770,19,30,1.5,3,80,115,1
1771,19,30,1.5,3,80,115,1.5
1772,19,30,1.5,3,80,115,2
1773,19,30,1.5,3,110,20,1
1774,19,30,1.5,3,110,20,1.5
1775,19,30,1.5,3,110,20,2
1776,19,30,1.5,3,110,67.5,1
1777,19,30,1.5,3,110,67.5,1.5
1778,19,30,1.5,3,110,67.5,2
1779,19,30,1.5,3,110,115,1
1780,19,30,1.5,3,110,115,1.5
1781,19,30,1.5,3,110,115,2
1782,19,30,1.5,5,50,20,1
1783,19,30,1.5,5,50,20,1.5
1784,19,30,1.5,5,50,20,2
1785,19,30,1.5,5,50,67.5,1
1786,19,30,1.5,5,50,67.5,1.5
1787,19,30,1.5,5,50,67.5,2
1788,19,30,1.5,5,50,115,1
1789,19,30,1.5,5,50,115,1.5
1790,19,30,1.5,5,50,115,2
1791,19,30,1.5,5,80,20,1
1792,19,30,1.5,5,80,20,1.5
1793,19,30,1.5,5,80,20,2
1794,19,30,1.5,5,80,67.5,1
1795,19,30,1.5,5,80,67.5,1.5
1796,19,30,1.5,5,80,67.5,2
1797,19,30,1.5,5,80,115,1
1798,19,30,1.5,5,80,115,1.5
1799,19,30,1.5,5,80,115,2
1800,19,30,1.5,5,110,20,1
1801,19,30,1.5,5,110,20,1.5
1802,19,30,1.5,5,110,20,2
1803,19,30,1.5,5,110,67.5,1
1804,19,30,1.5,5,110,67.5,1.5
1805,19,30,1.5,5,110,67.5,2
1806,19,30,1.5,5,110,115,1
1807,19,30,1.5,5,110,115,1.5
1808,19,30,1.5,5,110,115,2
1809,19,30,2,3,50,20,1
1810,19,30,2,3,50,20,1.5
1811,19,30,2,3,50,20,2
1812,19,30,2,3,50,67.5,1
1813,19,30,2,3,50,67.5,1.5
1814,19,30,2,3,50,67.5,2
1815,19,30,2,3,50,115,1
1816,19,30,2,3,50,115,1.5
1817,19,30,2,3,50,115,2
1818,19,30,2,3,80,20,1
1819,19,30,2,3,80,20,1.5
1820,19,30,2,3,80,20,2
1821,19,30,2,3,80,67.5,1
1822,19,30,2,3,80,67.5,1.5
1823,19,30,2,3,80,67.5,2
1824,19,30,2,3,80,115,1
1825,19,30,2,3,80,115,1.5
1826,19,30,2,3,80,115,2
1827,19,30,2,3,110,20,1
1828,19,30,2,3,110,20,1.5
1829,19,30,2,3,110,20,2
1830,19,30,2,3,110,67.5,1
1831,19,30,2,3,110,67.5,1.5
1832,19,30,2,3,110,67.5,2
1833,19,30,2,3,110,115,1
1834,19,30,2,3,110,115,1.5
1835,19,30,2,3,110,115,2
1836,19,30,2,5,50,20,1
1837,19,30,2,5,50,20,1.5
1838,19,30,2,5,50,20,2
1839,19,30,2,5,50,67.5,1
1840,19,30,2,5,50,67.5,1.5
1841,19,30,2,5,50,67.5,2
1842,19,30,2,5,50,115,1
1843,19,30,2,5,50,115,1.5
1844,19,30,2,5,50,115,2
1845,19,30,2,5,80,20,1
1846,19,30,2,5,80,20,1.5
1847,19,30,2,5,80,20,2
1848,19,30,2,5,80,67.5,1
1849,19,30,2,5,80,67.5,1.5
1850,19,30,2,5,80,67.5,2
1851,19,30,2,5,80,115,1
1852,19,30,2,5,80,115,1.5
1853,19,30,2,5,80,115,2
1854,19,30,2,5,110,20,1
1855,19,30,2,5,110,20,1.5
1856,19,30,2,5,110,20,2
1857,19,30,2,5,110,67.5,1
1858,19,30,2,5,110,67.5,1.5
1859,19,30,2,5,110,67.5,2
1860,19,30,2,5,110,115,1
1861,19,30,2,5,110,115,1.5
1862,19,30,2,5,110,115,2
1863,19,40,1,3,50,20,1
1864,19,40,1,3,50,20,1.5
1865,19,40,1,3,50,20,2
1866,19,40,1,3,50,67.5,1
1867,19,40,1,3,50,67.5,1.5
1868,19,40,1,3,50,67.5,2
1869,19,40,1,3,50,115,1
1870,19,40,1,3,50,115,1.5
1871,19,40,1,3,50,115,2
1872,19,40,1,3,80,20,1
1873,19,40,1,3,80,20,1.5
1874,19,40,1,3,80,20,2
1875,19,40,1,3,80,67.5,1
1876,19,40,1,3,80,67.5,1.5
1877,19,40,1,3,80,67.5,2
1878,19,40,1,3,80,115,1
1879,19,40,1,3,80,115,1.5
1880,19,40,1,3,80,115,2
1881,19,40,1,3,110,20,1
1882,19,40,1,3,110,20,1.5
1883,19,40,1,3,110,20,2
1884,19,40,1,3,110,67.5,1
1885,19,40,1,3,110,67.5,1.5
1886,19,40,1,3,110,67.5,2
1887,19,40,1,3,110,115,1
1888,19,40,1,3,110,115,1.5
1889,19,40,1,3,110,115,2
1890,19,40,1,5,50,20,1
1891,19,40,1,5,50,20,1.5
1892,19,40,1,5,50,20,2
1893,19,40,1,5,50,67.5,1
1894,19,40,1,5,50,67.5,1.5
1895,19,40,1,5,50,67.5,2
1896,19,40,1,5,50,115,1
1897,19,40,1,5,50,115,1.5
1898,19,40,1,5,50,115,2
1899,19,40,1,5,80,20,1
1900,19,40,1,5,80,20,1.5
1901,19,40,1,5,80,20,2
1902,19,40,1,5,80,67.5,1
1903,19,40,1,5,80,67.5,1.5
1904,19,40,1,5,80,67.5,2
1905,19,40,1,5,80,115,1
1906,19,40,1,5,80,115,1.5
1907,19,40,1,5,80,115,2
1908,19,40,1,5,110,20,1
1909,19,40,1,5,110,20,1.5
1910,19,40,1,5,110,20,2
1911,19,40,1,5,110,67.5,1
1912,19,40,1,5,110,67.5,1.5
1913,19,40,1,5,110,67.5,2
1914,19,40,1,5,110,115,1
1915,19,40,1,5,110,115,1.5
1916,19,40,1,5,110,115,2
1917,19,40,1.5,3,50,20,1
1918,19,40,1.5,3,50,20,1.5
1919,19,40,1.5,3,50,20,2
1920,19,40,1.5,3,50,67.5,1
1921,19,40,1.5,3,50,67.5,1.5
1922,19,40,1.5,3,50,67.5,2
1923,19,40,1.5,3,50,115,1
1924,19,40,1.5,3,50,115,1.5
1925,19,40,1.5,3,50,115,2
1926,19,40,1.5,3,80,20,1
1927,19,40,1.5,3,80,20,1.5
1928,19,40,1.5,3,80,20,2
1929,19,40,1.5,3,80,67.5,1
1930,19,40,1.5,3,80,67.5,1.5
1931,19,40,1.5,3,80,67.5,2
1932,19,40,1.5,3,80,115,1
1933,19,40,1.5,3,80,115,1.5
1934,19,40,1.5,3,80,115,2
1935,19,40,1.5,3,110,20,1
1936,19,40,1.5,3,110,20,1.5
1937,19,40,1.5,3,110,20,2
1938,19,40,1.5,3,110,67.5,1
1939,19,40,1.5,3,110,67.5,1.5
1940,19,40,1.5,3,110,67.5,2
1941,19,40,1.5,3,110,115,1
1942,19,40,1.5,3,110,115,1.5
1943,19,40,1.5,3,110,115,2
1944,19,40,1.5,5,50,20,1
1945,19,40,1.5,5,50,20,1.5
1946,19,40,1.5,5,50,20,2
1947,19,40,1.5,5,50,67.5,1
1948,19,40,1.5,5,50,67.5,1.5
1949,19,40,1.5,5,50,67.5,2
1950,19,40,1.5,5,50,115,1
1951,19,40,1.5,5,50,115,1.5
1952,19,40,1.5,5,50,115,2
1953,19,40,1.5,5,80,20,1
1954,19,40,1.5,5,80,20,1.5
1955,19,40,1.5,5,80,20,2
1956,19,40,1.5,5,80,67.5,1
1957,19,40,1.5,5,80,67.5,1.5
1958,19,40,1.5,5,80,67.5,2
1959,19,40,1.5,5,80,115,1
1960,19,40,1.5,5,80,115,1.5
1961,19,40,1.5,5,80,115,2
1962,19,40,1.5,5,110,20,1
1963,19,40,1.5,5,110,20,1.5
1964,19,40,1.5,5,110,20,2
1965,19,40,1.5,5,110,67.5,1
1966,19,40,1.5,5,110,67.5,1.5
1967,19,40,1.5,5,110,67.5,2
1968,19,40,1.5,5,110,115,1
1969,19,40,1.5,5,110,115,1.5
1970,19,40,1.5,5,110,115,2
1971,19,40,2,3,50,20,1
1972,19,40,2,3,50,20,1.5
1973,19,40,2,3,50,20,2
1974,19,40,2,3,50,67.5,1
1975,19,40,2,3,50,67.5,1.5
1976,19,40,2,3,50,67.5,2
1977,19,40,2,3,50,115,1
1978,19,40,2,3,50,115,1.5
1979,19,40,2,3,50,115,2
1980,19,40,2,3,80,20,1
1981,19,40,2,3,80,20,1.5
1982,19,40,2,3,80,20,2
1983,19,40,2,3,80,67.5,1
1984,19,40,2,3,80,67.5,1.5
1985,19,40,2,3,80,67.5,2
1986,19,40,2,3,80,115,1
1987,19,40,2,3,80,115,1.5
1988,19,40,2,3,80,115,2
1989,19,40,2,3,110,20,1
1990,19,40,2,3,110,20,1.5
1991,19,40,2,3,110,20,2
1992,19,40,2,3,110,67.5,1
1993,19,40,2,3,110,67.5,1.5
1994,19,40,2,3,110,67.5,2
1995,19,40,2,3,110,115,1
1996,19,40,2,3,110,115,1.5
1997,19,40,2,3,110,115,2
1998,19,40,2,5,50,20,1
1999,19,40,2,5,50,20,1.5
2000,19,40,2,5,50,20,2
2001,19,40,2,5,50,67.5,1
2002,19,40,2,5,50,67.5,1.5
2003,19,40,2,5,50,67.5,2
2004,19,40,2,5,50,115,1
2005,19,40,2,5,50,115,1.5
2006,19,40,2,5,50,115,2
2007,19,40,2,5,80,20,1
2008,19,40,2,5,80,20,1.5
2009,19,40,2,5,80,20,2
2010,19,40,2,5,80,67.5,1
2011,19,40,2,5,80,67.5,1.5
2012,19,40,2,5,80,67.5,2
2013,19,40,2,5,80,115,1
2014,19,40,2,5,80,115,1.5
2015,19,40,2,5,80,115,2
2016,19,40,2,5,110,20,1
2017,19,40,2,5,110,20,1.5
2018,19,40,2,5,110,20,2
2019,19,40,2,5,110,67.5,1
2020,19,40,2,5,110,67.5,1.5
2021,19,40,2,5,110,67.5,2
2022,19,40,2,5,110,115,1
2023,19,40,2,5,110,115,1.5
2024,19,40,2,5,110,115,2
