Period (s),101h1,101h2,102h1,102h2,103h1,103h2,104h1,104h2,105h1,105h2,201h1,201h2,202h1,202h2,203h1,203h2,204h1,204h2,205h1,205h2,301h1,301h2,302h1,302h2,303h1,303h2,304h1,304h2,305h1,305h2,401h1,401h2,402h1,402h2,403h1,403h2,404h1,404h2,405h1,405h2,501h1,501h2,502h1,502h2,503h1,503h2,504h1,504h2,505h1,505h2,601h1,601h2,602h1,602h2,603h1,603h2,604h1,604h2,605h1,605h2,701h1,701h2,702h1,702h2,703h1,703h2,704h1,704h2,705h1,705h2,801h1,801h2,802h1,802h2,803h1,803h2,804h1,804h2,805h1,805h2
0.01,0.1023828,0.08013128,0.0682027,0.03711952,0.07476378,0.06730077,0.04468091,0.06084802,0.04656015,0.06909713,0.1029198,0.088971,0.2744784,0.2203131,0.1706147,0.1392105,0.07916049,0.08453028,0.157006,0.08813978,0.1163835,0.1475636,0.05173004,0.03783775,0.02853532,0.02774574,0.0482282,0.05216404,0.108659,0.1069223,0.5556196,0.487243,0.2263241,0.1800267,0.04760287,0.04397664,0.02655982,0.02576897,0.0343416,0.03832651,0.00619832,0.00911306,0.00270654,0.00252317,0.00093702,0.00105397,0.00429514,0.00366725,0.03470586,0.04434429,0.2933469,0.3882619,0.308511,0.1672546,0.05865541,0.05433113,0.2933225,0.1766558,0.09237408,0.08707219,0.04091675,0.02687383,0.03168574,0.03189828,0.42351,0.2894944,0.09885935,0.1419442,0.08123847,0.1099621,0.0052232,0.00262317,0.00761394,0.00493461,0.00954006,0.01055647,0.2945363,0.3736523,0.3182822,0.3941981
0.02,0.1030164,0.08053253,0.06885575,0.03748629,0.07411091,0.06664939,0.04418172,0.06030517,0.04703622,0.06935033,0.103198,0.0891014,0.2746962,0.2205449,0.171753,0.1396143,0.08035713,0.08466659,0.1577019,0.08836622,0.1171305,0.1482936,0.05184467,0.03790285,0.0286192,0.02796127,0.04831706,0.05224374,0.109326,0.1075783,0.5474538,0.4836467,0.2272149,0.1804355,0.04700666,0.04486889,0.02634976,0.02570986,0.03460872,0.03869142,0.00621405,0.00911974,0.00270504,0.00252319,0.00093663,0.00105309,0.00428695,0.00366487,0.03473845,0.04437049,0.3086779,0.3941267,0.3130163,0.171575,0.05889183,0.05493049,0.295413,0.180471,0.09399618,0.08737936,0.04098229,0.02692785,0.03179029,0.0320411,0.4290301,0.2923593,0.09967015,0.1429368,0.08173677,0.1103644,0.0052359,0.00263427,0.0076514,0.00496254,0.00954893,0.01056165,0.2974848,0.37756,0.3301847,0.4059582
0.022,0.1085616,0.08208649,0.07061835,0.03814461,0.07397034,0.06675386,0.04453861,0.06027854,0.04908377,0.07239119,0.1032017,0.08914855,0.2748997,0.2205578,0.1715934,0.1398481,0.08069826,0.08506536,0.1583242,0.08845781,0.1199072,0.1514208,0.05187132,0.03792236,0.02868972,0.02815873,0.04832399,0.0521853,0.1108748,0.1093052,0.5483074,0.4870944,0.2288137,0.1789844,0.04711051,0.0453389,0.02646046,0.02580988,0.03466085,0.03901665,0.00621804,0.00912477,0.00270495,0.00252464,0.00093667,0.00105316,0.00428758,0.00366509,0.03474489,0.04437425,0.3127394,0.3943051,0.3138855,0.1714945,0.05907721,0.05524491,0.2950569,0.1807086,0.0947607,0.08717382,0.04097852,0.02694135,0.03182688,0.03209133,0.4320862,0.2905001,0.09995805,0.1428583,0.08181749,0.1105842,0.00523677,0.0026442,0.00764377,0.00498047,0.00955131,0.01056437,0.2999406,0.3773333,0.3380947,0.4054567
0.025,0.1068376,0.08206717,0.0670469,0.03678797,0.07424392,0.0668665,0.04512484,0.06042933,0.04802682,0.07247166,0.1032092,0.08929582,0.2746868,0.220594,0.1719804,0.140182,0.08223944,0.08611041,0.1590547,0.08854505,0.1199802,0.149269,0.05194045,0.0379923,0.02865331,0.02826775,0.04833195,0.05219247,0.112367,0.1104568,0.5494394,0.4923362,0.2230317,0.1834815,0.04914763,0.04623152,0.02698221,0.02580271,0.03398306,0.04050545,0.00623195,0.00912578,0.00270507,0.00252876,0.00093676,0.00105331,0.00428934,0.00366496,0.03475334,0.04439259,0.3166731,0.3928197,0.3137705,0.1714104,0.05898902,0.05561301,0.2967398,0.1820126,0.09534723,0.08906338,0.04123848,0.02699678,0.03182881,0.03215964,0.4343186,0.2937722,0.1009511,0.1420687,0.08215838,0.1111654,0.00525184,0.00264619,0.00763508,0.00500794,0.00954517,0.01056449,0.3042228,0.3811615,0.331276,0.3924281
0.029,0.1076215,0.08288802,0.06686904,0.03694921,0.07501481,0.06658849,0.04650803,0.06054694,0.04878261,0.07183776,0.1032171,0.08941098,0.2753181,0.2207852,0.1765947,0.1402682,0.08349743,0.08663929,0.158659,0.0886692,0.112935,0.1467738,0.05203092,0.03801237,0.02860653,0.02779694,0.04834767,0.0523882,0.1066978,0.1108663,0.542741,0.4911576,0.2254231,0.1810821,0.04942708,0.04782238,0.02690834,0.02610004,0.03383905,0.03915432,0.0062677,0.00912811,0.00271075,0.00253603,0.00093691,0.00105354,0.00429014,0.00366418,0.03476891,0.04439672,0.3159724,0.4060192,0.3175004,0.1756998,0.06022461,0.05622717,0.3010668,0.1829097,0.09376106,0.08804888,0.04119783,0.02710338,0.03191174,0.03226561,0.443419,0.2938634,0.1037326,0.1435802,0.0836533,0.1106151,0.00525813,0.00265446,0.00767305,0.00500586,0.0095484,0.01057006,0.3152216,0.3768057,0.3216734,0.4400818
0.03,0.1070706,0.08146814,0.06665488,0.03655286,0.07480639,0.06692525,0.04666211,0.06043884,0.04816433,0.07166449,0.1034529,0.08942973,0.275615,0.2209134,0.1777571,0.1406605,0.08292901,0.08631685,0.1585973,0.08881614,0.1139847,0.1480287,0.05201871,0.03800055,0.02863377,0.02774733,0.04834581,0.05250197,0.1065184,0.1101398,0.5449756,0.49071,0.2279052,0.1830873,0.04944326,0.04706682,0.0269622,0.02622699,0.03400609,0.03920908,0.00628238,0.00912652,0.00271387,0.00253812,0.0009369,0.00105351,0.00429028,0.00366446,0.03478338,0.04441117,0.3164472,0.4087931,0.3185458,0.1686598,0.05997277,0.05640041,0.3024152,0.1825067,0.0928548,0.08780264,0.04098471,0.02706369,0.031976,0.0323,0.4447836,0.2957582,0.1044071,0.1437478,0.08382089,0.1113966,0.0052569,0.00265774,0.00767872,0.00501696,0.00954875,0.0105734,0.3188706,0.3783124,0.3181453,0.4537161
0.032,0.1082069,0.08114123,0.06612605,0.03699995,0.07477596,0.06755143,0.04620828,0.06145488,0.04708584,0.07056426,0.1039593,0.08944067,0.2765041,0.2209966,0.1794017,0.140884,0.08220619,0.08618511,0.1595205,0.08926869,0.1150161,0.1489738,0.05193964,0.03800273,0.02863366,0.02821305,0.04839791,0.05245735,0.1076562,0.1078047,0.5427403,0.4902589,0.2314832,0.1867062,0.05158571,0.04665064,0.0271045,0.02667212,0.03413994,0.0394948,0.00631742,0.00915279,0.00271562,0.00254424,0.00093694,0.00105347,0.0042908,0.00366472,0.03478802,0.04440352,0.3200519,0.4025723,0.3217511,0.1703536,0.05885091,0.05610864,0.3022138,0.1814322,0.09398735,0.08780324,0.04146738,0.02715945,0.03209621,0.03239464,0.4403562,0.2972051,0.1034159,0.1441748,0.08456393,0.1123899,0.0052596,0.00267788,0.00771331,0.00508791,0.00954894,0.01058001,0.3213939,0.3768949,0.3289191,0.4759389
0.035,0.1110669,0.08132909,0.06763596,0.03696252,0.07372544,0.06666451,0.04647216,0.06268749,0.04649251,0.07105467,0.1037292,0.08976638,0.2766486,0.2214125,0.1799235,0.1410581,0.08814846,0.08712968,0.1599677,0.08911729,0.113788,0.1484106,0.05210954,0.0380333,0.02873356,0.02873546,0.04862307,0.05257866,0.1071464,0.1075138,0.5717056,0.4998238,0.2254478,0.1834061,0.05175484,0.04753923,0.02648499,0.02676292,0.03400949,0.03879847,0.00628181,0.00917206,0.00271987,0.0025303,0.00093689,0.00105362,0.00429337,0.003665,0.03479587,0.0444461,0.3554569,0.4070764,0.3408117,0.1715947,0.05974472,0.05751422,0.3021415,0.1771574,0.09547044,0.09172956,0.04160792,0.02738637,0.03228633,0.03259663,0.4384945,0.3045418,0.105689,0.14981,0.08487435,0.1131528,0.00523396,0.00269557,0.00772557,0.00517406,0.00955826,0.01058516,0.3253891,0.4236241,0.3372205,0.5194605
0.036,0.1108729,0.08206713,0.06784295,0.03692055,0.07387266,0.06676092,0.04670851,0.06282888,0.04710786,0.07152357,0.1033911,0.08976755,0.2762177,0.2213926,0.1781566,0.1405128,0.08991928,0.0893415,0.1594412,0.08912084,0.1140461,0.1494046,0.05202473,0.0380991,0.0287341,0.02872205,0.04864915,0.05258964,0.1066248,0.1075046,0.5791109,0.5038968,0.2258583,0.1844518,0.05277151,0.04881614,0.02637418,0.02677228,0.0342473,0.03878719,0.00623738,0.00916773,0.0027212,0.00252927,0.00093695,0.00105395,0.0042944,0.00366564,0.03480687,0.04443026,0.3655905,0.3970484,0.3427189,0.1641736,0.06033473,0.05798231,0.3023487,0.1768639,0.09591542,0.09228653,0.04173478,0.02728629,0.03228026,0.0326379,0.4376319,0.3058099,0.1076622,0.1508046,0.08498801,0.1134425,0.0052504,0.00270211,0.00775796,0.00516473,0.00956429,0.01058497,0.3234452,0.4268505,0.3500662,0.5330987
0.04,0.1077679,0.08495484,0.06783654,0.03676825,0.07803315,0.06640033,0.04723968,0.06233904,0.04809473,0.07102697,0.1031781,0.08959555,0.2749467,0.2211363,0.1725286,0.1433981,0.09165912,0.09419355,0.1588632,0.09208006,0.1150342,0.1488137,0.05228534,0.0381408,0.02859642,0.0280383,0.04885189,0.05323448,0.1087922,0.107731,0.5878532,0.5118494,0.2291072,0.1835958,0.05291742,0.05091589,0.02794866,0.02588478,0.03506263,0.0384776,0.00621613,0.00917748,0.00271302,0.00255504,0.00093727,0.00105443,0.00429692,0.00366751,0.03480494,0.04446694,0.3825704,0.4263926,0.3352569,0.1777894,0.06012934,0.05823025,0.3106211,0.1843167,0.09900697,0.097518,0.04202259,0.02742776,0.0320813,0.0327792,0.4325171,0.3054473,0.1111095,0.1549131,0.08281763,0.1144603,0.00530954,0.00270955,0.00774821,0.00517541,0.00957578,0.01058777,0.3290878,0.3992565,0.3729312,0.5313017
0.042,0.1084373,0.08536312,0.06781119,0.03683584,0.07824773,0.0662818,0.04685219,0.06262232,0.04827753,0.07155409,0.1041158,0.09045555,0.2764492,0.2212547,0.1755318,0.14677,0.09212482,0.09491866,0.162304,0.09321052,0.116444,0.1499196,0.05220415,0.03820362,0.02867067,0.02860283,0.04895595,0.05309854,0.1099192,0.1085045,0.5973172,0.5074778,0.2276858,0.1824097,0.05194894,0.05426112,0.02813489,0.02556292,0.03534609,0.03881705,0.00622267,0.00916827,0.00270367,0.00254678,0.00093736,0.00105449,0.00429874,0.00366747,0.03481911,0.04442412,0.384472,0.4105928,0.3309726,0.1951373,0.06103568,0.05665309,0.310779,0.1863846,0.09927694,0.09795133,0.04233815,0.0276859,0.03165428,0.03292951,0.4351301,0.3118145,0.114298,0.15453,0.0837263,0.1133581,0.00533947,0.00274427,0.00772262,0.00517862,0.009576,0.01058713,0.3299075,0.3963276,0.4078063,0.5382233
0.044,0.1115089,0.08448818,0.06744297,0.03680333,0.07902036,0.06730344,0.04709436,0.06315795,0.04765069,0.07301354,0.1050773,0.09112722,0.2776507,0.2214946,0.1772003,0.1474628,0.0944978,0.09185381,0.1637991,0.09442789,0.1157667,0.1489411,0.05236872,0.0383345,0.02886634,0.02919919,0.04895257,0.05301937,0.1092835,0.1098946,0.6108508,0.5170826,0.2253897,0.1824731,0.05071937,0.05891097,0.02787543,0.02573027,0.03562111,0.03921148,0.00625785,0.00917235,0.00271116,0.00254461,0.00093743,0.00105457,0.00430048,0.00366865,0.03481981,0.04450833,0.4032614,0.4069245,0.3265447,0.1840588,0.06124105,0.05905993,0.317979,0.186833,0.097548,0.09110332,0.04294043,0.02787602,0.03188729,0.03313553,0.4448833,0.3318256,0.1180298,0.1533412,0.08505234,0.1150464,0.00537358,0.00274861,0.00778227,0.0051946,0.00957749,0.01059373,0.3289233,0.3926609,0.4192244,0.5160091
0.045,0.1114339,0.08313754,0.0672432,0.03693788,0.07897173,0.0677968,0.04748379,0.06265739,0.0477039,0.07379109,0.105728,0.09128337,0.2780767,0.2214268,0.1766323,0.1470874,0.09703457,0.09182876,0.164707,0.09474653,0.1165386,0.1480417,0.05248593,0.03831841,0.02911368,0.0297155,0.04889007,0.05314474,0.1085454,0.1100959,0.6121303,0.5201863,0.2272389,0.1808997,0.0537199,0.05794081,0.02776424,0.02582731,0.03567197,0.03927484,0.00626284,0.00916808,0.00271639,0.00254004,0.00093743,0.00105463,0.00430117,0.00366928,0.03481325,0.04456783,0.3947694,0.4114644,0.3345116,0.1956294,0.0609312,0.05975232,0.3227382,0.1903031,0.09894368,0.09301572,0.04292057,0.02804551,0.03208889,0.0331594,0.4437377,0.3384904,0.1204441,0.1523822,0.08524655,0.1173467,0.0053803,0.00275014,0.00779827,0.00521103,0.00958018,0.01059834,0.3350532,0.3927746,0.4143029,0.5317243
0.046,0.111283,0.08214048,0.06720831,0.03720208,0.07884416,0.06788518,0.04807667,0.06244603,0.04791581,0.07411171,0.1061056,0.0915724,0.2785353,0.2216366,0.1792325,0.1455846,0.0991316,0.09211461,0.1651547,0.09500755,0.1176055,0.1470907,0.0525323,0.03829722,0.02934824,0.03005097,0.04886187,0.05341455,0.1083183,0.1105223,0.6056591,0.5170907,0.22925,0.1803042,0.05785923,0.0566324,0.02766532,0.02598361,0.03572549,0.03932733,0.00626234,0.00915476,0.00272113,0.00253556,0.00093736,0.00105471,0.00430209,0.00366997,0.03480941,0.0446019,0.3787041,0.4231777,0.3344809,0.215668,0.06090932,0.06034308,0.3284104,0.1944446,0.1024803,0.09662148,0.04273252,0.0281457,0.03236613,0.0332135,0.4385212,0.3419517,0.1207175,0.150878,0.08505376,0.1198914,0.00538555,0.00275283,0.00782693,0.00521236,0.00958256,0.01060158,0.3507664,0.3921022,0.4113103,0.5616878
0.048,0.1082329,0.08287492,0.06713425,0.03776127,0.07731826,0.06842122,0.04959679,0.06275423,0.04798738,0.07413305,0.106254,0.09292902,0.27867,0.2216887,0.1832526,0.146055,0.1047418,0.08958822,0.1639359,0.09454729,0.1176041,0.1495036,0.05272349,0.03845712,0.02961795,0.03061934,0.04896999,0.05364659,0.1109302,0.112974,0.5751712,0.5098926,0.2331947,0.1848396,0.06175344,0.06074413,0.02762601,0.02640295,0.03611083,0.03949385,0.00628699,0.00915437,0.00272682,0.00252843,0.00093733,0.00105492,0.00430516,0.00367175,0.03480159,0.04456212,0.3837454,0.4771906,0.3290681,0.225375,0.06228854,0.06021428,0.3306923,0.1939267,0.1030112,0.1049914,0.04283212,0.02814778,0.03263891,0.03349571,0.4585612,0.3271357,0.1197075,0.1467196,0.08297854,0.1228264,0.00535856,0.00276085,0.00791255,0.00523775,0.0095884,0.01060829,0.3730387,0.4035317,0.415574,0.5933109
0.05,0.1064996,0.08445718,0.06834106,0.03842216,0.07490186,0.06952958,0.04994723,0.06543839,0.04921236,0.07501332,0.1062293,0.09435,0.2781885,0.2211366,0.1796912,0.1530128,0.1043197,0.0933939,0.161759,0.09255665,0.1184518,0.1492343,0.05273623,0.03856385,0.02988959,0.03080438,0.04925065,0.05314935,0.1120765,0.1127166,0.5594022,0.5104198,0.237009,0.1854214,0.06101277,0.06183136,0.0281156,0.02621107,0.03646149,0.03977589,0.00630334,0.0091687,0.00272476,0.00252901,0.00093742,0.00105513,0.00430785,0.0036722,0.03480729,0.04442497,0.4042546,0.5202261,0.3520043,0.2470649,0.06536628,0.06094989,0.3311856,0.1913743,0.0990715,0.1118842,0.04368941,0.02878102,0.03306332,0.03344671,0.468681,0.3159268,0.1180194,0.142112,0.08092657,0.1238362,0.00528608,0.00277423,0.00795098,0.00529576,0.0095914,0.01061166,0.377641,0.4136864,0.4209339,0.6201963
0.055,0.1087081,0.08677384,0.0719341,0.04002467,0.07421294,0.06824932,0.04725139,0.07021739,0.05079092,0.07535873,0.1053304,0.09724087,0.2762444,0.2204956,0.1935517,0.1527741,0.1031179,0.09920201,0.1637124,0.09352163,0.1197338,0.144596,0.05347625,0.03789497,0.03164775,0.02993714,0.05004202,0.05374674,0.1240628,0.1172536,0.5568839,0.5696259,0.2340458,0.1813543,0.06643215,0.06893525,0.02744867,0.02557644,0.03510337,0.04230976,0.0063586,0.00916828,0.00275056,0.00251517,0.00093789,0.00105551,0.00430882,0.00367463,0.03484963,0.04481019,0.3671484,0.5929123,0.3985579,0.2486293,0.06683744,0.06357871,0.3246723,0.1952316,0.114982,0.1077438,0.04411569,0.03073066,0.03488534,0.03396554,0.4810619,0.3205871,0.1202041,0.1543919,0.08042902,0.1228274,0.00532435,0.00295533,0.00803165,0.00524766,0.00960124,0.01063261,0.4130649,0.3905316,0.5016336,0.7839206
0.06,0.1137282,0.09593652,0.07185688,0.04175124,0.07638276,0.07201513,0.0466666,0.07375855,0.0537774,0.08108344,0.1031896,0.09619382,0.2754915,0.2219953,0.1954276,0.1735856,0.1182639,0.0978769,0.1692561,0.09334968,0.1366911,0.1481058,0.05311261,0.03829564,0.03138272,0.02986766,0.05064929,0.05372323,0.1284403,0.1213082,0.6488832,0.5548912,0.2246343,0.2038438,0.07652111,0.09733787,0.02788783,0.02632061,0.03501056,0.03960174,0.00639844,0.00921944,0.00273957,0.00252353,0.00093834,0.00105634,0.00431499,0.00367353,0.03491048,0.04469231,0.4430084,0.6944141,0.3897921,0.235267,0.07632291,0.07076029,0.3631198,0.2283183,0.113369,0.1194767,0.04167582,0.03134166,0.03580464,0.03454166,0.4665546,0.3608528,0.1122867,0.1629363,0.08627767,0.1306736,0.00544169,0.00305022,0.00807248,0.0052374,0.00960474,0.01064709,0.4076318,0.4406565,0.6220267,0.9203522
0.065,0.1224685,0.1003857,0.07730966,0.04316317,0.07771887,0.07847666,0.04952969,0.0864773,0.05756235,0.08894331,0.1079795,0.0902117,0.2766962,0.2214632,0.2139399,0.1580118,0.1248815,0.0976087,0.1696452,0.09940059,0.1316404,0.1688025,0.05176204,0.03834476,0.03057127,0.03144404,0.05065801,0.05364078,0.1503783,0.1241572,0.7470274,0.573109,0.2267369,0.1947366,0.08988766,0.1036147,0.02788662,0.02588577,0.0350389,0.04166477,0.00639664,0.00922776,0.00271122,0.00255543,0.00093882,0.00105688,0.00432653,0.00367643,0.03493113,0.04449261,0.4538301,0.5640964,0.4379786,0.2667021,0.08372661,0.07352509,0.3492605,0.2864953,0.1469537,0.1421529,0.04175116,0.03098487,0.03800812,0.0342421,0.4473214,0.3776334,0.1141874,0.1725211,0.09027661,0.1384029,0.00546356,0.00303529,0.00853375,0.00538009,0.00962082,0.01066854,0.4539686,0.4799204,0.7444361,1.002373
0.067,0.1279399,0.1020106,0.07871228,0.04209248,0.07531729,0.07967637,0.05023031,0.08979401,0.05785668,0.08944245,0.10676,0.09061541,0.2765173,0.2211949,0.2304374,0.1553739,0.1431174,0.1058981,0.164563,0.09928289,0.1343697,0.1734932,0.05198658,0.03855196,0.03103325,0.03105798,0.05065429,0.05332596,0.1591908,0.1255458,0.7302298,0.5847456,0.2299271,0.2003554,0.09198199,0.1001114,0.02717468,0.02569131,0.03540701,0.03886325,0.0064269,0.009242,0.00270268,0.00255415,0.00093883,0.00105714,0.00432864,0.00368089,0.03493391,0.04471833,0.4406873,0.5659527,0.4546833,0.2754653,0.08153846,0.07729424,0.3663511,0.2871596,0.1486897,0.1460274,0.04192001,0.03057999,0.03837153,0.03413622,0.4784314,0.3874811,0.1147935,0.1846944,0.0947177,0.1418935,0.00545196,0.0031034,0.00857076,0.00554021,0.00963074,0.01066519,0.4628333,0.5173399,0.7916089,1.004652
0.07,0.1324923,0.1034246,0.08166473,0.0402473,0.07863762,0.07973874,0.04900885,0.1064498,0.05737257,0.09038392,0.1068885,0.0933904,0.2754117,0.2204715,0.2435791,0.1814811,0.1557588,0.1107099,0.1696612,0.1008054,0.1368934,0.1734958,0.05263871,0.03831555,0.03077485,0.03096437,0.05145941,0.05292489,0.1704174,0.1231557,0.7111002,0.6425108,0.2458644,0.2068935,0.09760036,0.1041338,0.02812077,0.02606769,0.03627964,0.04295835,0.00646366,0.0092076,0.00271023,0.00254456,0.00093927,0.00105757,0.00433044,0.00368239,0.03494744,0.04494237,0.4534811,0.6056811,0.4951944,0.3104986,0.07603636,0.0792024,0.3757111,0.2963255,0.1441862,0.127659,0.04205141,0.03049611,0.03802797,0.03431272,0.5112768,0.3786491,0.1217364,0.1946176,0.09935673,0.1420607,0.0055376,0.00318933,0.00847326,0.00568488,0.00964482,0.0106529,0.4531682,0.5641966,0.8133313,0.9836052
0.075,0.1401273,0.1038263,0.08235382,0.04569352,0.08553185,0.08176836,0.05214589,0.148993,0.05489044,0.09016381,0.1061058,0.09813181,0.2742304,0.2211276,0.2277106,0.2087821,0.15597,0.1103315,0.1884797,0.1081741,0.1544219,0.186456,0.05396299,0.03896589,0.03014435,0.03051385,0.05229857,0.05474334,0.1549677,0.1196836,0.7553774,0.7671862,0.2654242,0.2116298,0.1076878,0.1065185,0.03038152,0.02648933,0.04003269,0.04903183,0.00658173,0.00940771,0.00273857,0.00257355,0.00093985,0.00105796,0.00432759,0.00368145,0.0350524,0.04508313,0.50638,0.6633461,0.6313145,0.351916,0.08860821,0.08995798,0.3849799,0.3248938,0.1189741,0.1386817,0.04559809,0.03289674,0.03854044,0.03484401,0.4741327,0.4029107,0.1423555,0.2026387,0.1076279,0.1506409,0.00562601,0.00321959,0.00833993,0.00568551,0.00966026,0.01066733,0.4899607,0.64529,0.8413844,1.032321
0.08,0.1529736,0.09543514,0.08182199,0.04972373,0.09105268,0.07608275,0.05336564,0.1494114,0.0558881,0.09543896,0.1078044,0.1029512,0.2746336,0.22045,0.2448403,0.2022118,0.1487935,0.1176119,0.1898632,0.1225539,0.1853962,0.1850076,0.05169535,0.03921746,0.03222892,0.0296897,0.05166683,0.06210291,0.174559,0.1296286,0.7730426,0.7618628,0.2627557,0.2311786,0.09613122,0.1372267,0.03162918,0.02730048,0.04135613,0.05618692,0.00660904,0.00943211,0.00274072,0.00259286,0.00093999,0.00105978,0.00433685,0.00368586,0.03506586,0.0448887,0.5217744,0.6892127,0.76157,0.4309898,0.09993079,0.09363202,0.4125284,0.3237166,0.1274526,0.148731,0.04722166,0.03374634,0.04199672,0.03670717,0.5615187,0.4401899,0.175403,0.2074349,0.1184187,0.1600749,0.00565791,0.00347982,0.00876389,0.00611813,0.00964224,0.01075136,0.4842774,0.6884639,0.8268142,1.012412
0.085,0.1519808,0.1018541,0.08303318,0.0536471,0.08961914,0.07355081,0.05284782,0.1378214,0.05617403,0.1017874,0.1158467,0.1050666,0.2795718,0.221789,0.2214622,0.1702514,0.1483534,0.1186844,0.2183104,0.123982,0.1776084,0.190449,0.0545524,0.03913814,0.03377457,0.03249644,0.05440435,0.06625972,0.1694279,0.150886,0.8161153,0.863273,0.2552713,0.2508592,0.1148527,0.1928324,0.03238074,0.02815634,0.04331743,0.05751467,0.00665955,0.00943624,0.00271951,0.0025801,0.00094199,0.00106077,0.00434926,0.00369049,0.03504384,0.04462531,0.5361053,0.7126728,0.7762232,0.5663632,0.09757485,0.09101972,0.4757257,0.2817017,0.1444278,0.1541448,0.05054167,0.03391621,0.04451058,0.03974589,0.6089498,0.4395167,0.1709406,0.2250858,0.1374141,0.1644302,0.00560853,0.00392341,0.00881928,0.0064682,0.00955658,0.01081865,0.48382,0.825396,0.8041669,1.034013
0.09,0.1486265,0.1236664,0.08878066,0.05297457,0.08886693,0.07593217,0.05541623,0.1181682,0.06609917,0.1123388,0.1203615,0.1072126,0.2851825,0.2235052,0.2529375,0.181648,0.1758495,0.1152398,0.2229488,0.1139362,0.1946307,0.2202001,0.05543938,0.03810906,0.0321847,0.0330627,0.05826509,0.07124415,0.1945571,0.170936,0.8289136,0.8536348,0.297415,0.2819807,0.1196354,0.1844517,0.03060527,0.02871711,0.0455548,0.06064484,0.00674146,0.00942074,0.00270989,0.00256724,0.00094499,0.00105338,0.00434798,0.00369648,0.03516351,0.04492112,0.5394594,0.6799694,0.893303,0.6227913,0.1293556,0.09957343,0.5483214,0.2771518,0.1751682,0.1611624,0.05373175,0.03394365,0.04612821,0.04087459,0.6417237,0.4235398,0.1776257,0.2578909,0.1472877,0.1615252,0.00618577,0.00437156,0.0084331,0.00608484,0.00964845,0.0108921,0.4761986,0.9773318,0.8344368,1.009135
0.095,0.1683116,0.1281181,0.09254247,0.06264052,0.08899017,0.07837064,0.05641773,0.09891157,0.09052201,0.1124785,0.1302103,0.1061014,0.288929,0.226189,0.2968793,0.2184217,0.1916883,0.1182086,0.1862224,0.1253027,0.2241642,0.2669294,0.05694328,0.03968431,0.03100192,0.0341363,0.06007333,0.07030654,0.2115007,0.1899807,0.9270534,0.8783556,0.2888079,0.2751831,0.1120365,0.1771282,0.03169964,0.02974765,0.05144916,0.05725011,0.00669323,0.00944634,0.00270197,0.0025601,0.00094287,0.00106021,0.00435008,0.00369497,0.0351795,0.04519907,0.5348556,0.7338424,0.7660738,0.5883369,0.1405149,0.1234944,0.5855778,0.322824,0.1647746,0.1902128,0.05265182,0.0378544,0.04749729,0.04183949,0.6932493,0.4470681,0.22018,0.2921055,0.1504032,0.1676079,0.00673769,0.00417767,0.00845658,0.00657117,0.00971782,0.01110865,0.507183,1.025104,0.9341476,1.11487
0.1,0.1892894,0.1423878,0.1020454,0.06789331,0.08630075,0.07918859,0.05962479,0.09002194,0.1023785,0.1265459,0.1316454,0.1029099,0.2875199,0.2298586,0.3194263,0.2278293,0.1732806,0.1225875,0.2023591,0.1305994,0.2602274,0.2899971,0.05529368,0.04190584,0.03004924,0.03367836,0.06005303,0.06885773,0.216845,0.1820007,1.025269,0.855426,0.2648791,0.2726708,0.1144749,0.1499134,0.03323231,0.0311462,0.05323191,0.06158027,0.00694881,0.00946771,0.00269732,0.00257772,0.00094641,0.00106268,0.00435316,0.00370691,0.03530594,0.04549548,0.6625775,0.7482978,0.6172324,0.4397265,0.119571,0.1377611,0.6030437,0.3707188,0.155522,0.2066286,0.05170924,0.04233987,0.05214864,0.03946934,0.5889736,0.4245089,0.2307785,0.3307281,0.1359481,0.1551599,0.00701021,0.0044409,0.00786749,0.00746692,0.00973184,0.01106289,0.5134468,1.249691,1.012775,1.276011
0.11,0.1702205,0.1492848,0.1137213,0.06751789,0.09305656,0.09085277,0.0596696,0.1150912,0.109439,0.1333705,0.1106368,0.1069614,0.2921225,0.237512,0.3229955,0.2710497,0.2202444,0.1573896,0.2307093,0.1514509,0.2657033,0.31464,0.06270639,0.04484313,0.03298006,0.03305297,0.05494826,0.06523725,0.2148731,0.1578396,1.059151,0.9343901,0.3162486,0.3107216,0.09368993,0.1561728,0.03210222,0.038022,0.06186031,0.05654465,0.00806244,0.00992608,0.00270447,0.00258459,0.00094684,0.00106082,0.0044032,0.00372938,0.03548674,0.04533165,0.7166086,0.9106824,0.5525354,0.4434079,0.1154471,0.1361174,0.7718655,0.3270456,0.1725544,0.2350516,0.05654686,0.04614909,0.05246255,0.03437888,0.7104004,0.5344217,0.2471972,0.3599465,0.11483,0.1337348,0.00741403,0.00375249,0.00794276,0.00832353,0.00968734,0.01112157,0.5776421,1.387544,0.835665,1.316782
0.12,0.1652842,0.1600585,0.1178647,0.08409774,0.09160597,0.09577604,0.07154676,0.1134351,0.09971561,0.1692282,0.1074809,0.1087585,0.3069381,0.2414867,0.3590077,0.338995,0.2693571,0.1983962,0.207315,0.1314252,0.290195,0.380704,0.0681446,0.04750948,0.03520103,0.03557689,0.05981369,0.06787561,0.248695,0.1576948,1.121365,1.16961,0.3414048,0.3654107,0.1029249,0.1516508,0.03595603,0.04158982,0.06266278,0.06038107,0.00899519,0.01043044,0.00270398,0.00256457,0.0009372,0.00106543,0.00443513,0.00372804,0.03518417,0.04526711,0.6495404,0.9362495,0.6760477,0.3427995,0.1185824,0.1118883,0.6828724,0.5015151,0.2010171,0.2280493,0.07642373,0.04221105,0.05098592,0.04653287,0.690676,0.5255228,0.258962,0.3291808,0.1311739,0.1317161,0.00772816,0.00462301,0.01046729,0.00742426,0.00998974,0.01127198,0.5471622,1.75288,0.8033831,1.256043
0.13,0.2370755,0.1901931,0.1298336,0.08125803,0.1013599,0.08920533,0.0686842,0.1206343,0.1037288,0.1572593,0.1131316,0.1079753,0.3156668,0.2499399,0.4450212,0.3523448,0.2701292,0.2314414,0.1729259,0.1396603,0.2856247,0.4635957,0.07850135,0.05235283,0.0364085,0.0397255,0.06780194,0.08788808,0.2069921,0.1485251,1.399382,0.9515415,0.4207346,0.4359043,0.115521,0.1343423,0.03722058,0.03804278,0.07300542,0.07263411,0.01044913,0.01220124,0.00271146,0.00257826,0.00094053,0.00106364,0.00440046,0.00373284,0.0356226,0.04623394,0.5957922,1.041623,0.6403722,0.3567423,0.1306264,0.1163438,0.7000109,0.6328232,0.1927115,0.1650481,0.0909672,0.04842923,0.0580742,0.05837906,0.6063551,0.4403443,0.3105731,0.2641574,0.1619245,0.1674498,0.00727976,0.00415596,0.01181111,0.00738656,0.01011518,0.01141626,0.6075853,1.402645,0.7200195,1.240034
0.133,0.261371,0.2102193,0.1333436,0.08215516,0.105866,0.09342317,0.06389497,0.1244596,0.103308,0.1683908,0.1206841,0.1082672,0.3239193,0.2421797,0.4271476,0.3469959,0.2750852,0.245528,0.1713212,0.1399692,0.2765656,0.4909688,0.08009335,0.0531446,0.03562229,0.04057816,0.07034957,0.09231568,0.201024,0.1500817,1.560665,1.045883,0.4292106,0.4145963,0.1182664,0.1293605,0.03777053,0.03885114,0.07965776,0.0766283,0.01087784,0.01278268,0.00271226,0.00258405,0.00094203,0.00106172,0.00441698,0.00372006,0.03586819,0.04690315,0.6214242,1.051226,0.5695083,0.381243,0.1457511,0.1215324,0.6689287,0.6319869,0.1968775,0.1596729,0.09609094,0.0491773,0.05890904,0.05564523,0.602769,0.42895,0.3311736,0.280096,0.1721683,0.1853707,0.00680437,0.00420097,0.01165799,0.00726995,0.01012617,0.01141221,0.6273696,1.247437,0.7037077,1.243953
0.14,0.2749307,0.2271946,0.1639666,0.09415922,0.1140743,0.09996463,0.06900151,0.1407449,0.1039763,0.1860487,0.1350539,0.128803,0.3410738,0.2340919,0.3697619,0.3567906,0.2692476,0.2424286,0.1760856,0.1514515,0.2991918,0.4866225,0.08887166,0.05658785,0.0356888,0.04311841,0.0674409,0.08761363,0.1956493,0.1802373,1.620755,1.352544,0.4356586,0.3650563,0.1153047,0.1195275,0.03774593,0.03981763,0.08209451,0.07637164,0.01114595,0.01342017,0.002714,0.00259303,0.00094045,0.00105879,0.00445587,0.00372053,0.036019,0.05005989,0.733543,1.249075,0.4723827,0.3820306,0.1701959,0.1332209,0.6830113,0.5202445,0.1964872,0.1810964,0.0883448,0.04724516,0.06479109,0.05106496,0.6310233,0.5049833,0.3587894,0.3173066,0.1927603,0.2190522,0.0066378,0.00490405,0.01175056,0.00693086,0.01004229,0.0115034,0.6541006,0.876009,0.6944557,1.236458
0.15,0.2732846,0.2678483,0.204723,0.08910985,0.1393045,0.1011454,0.07895771,0.1684063,0.1292198,0.1540424,0.1462764,0.1325813,0.326544,0.2384984,0.3349603,0.4076166,0.2351857,0.2094155,0.2194192,0.1483329,0.3002637,0.4729801,0.08978308,0.07168615,0.04085589,0.03689356,0.0665895,0.08776291,0.2219257,0.2241879,1.391271,1.552192,0.4533203,0.3371796,0.1198695,0.1098729,0.03931383,0.04884137,0.08679859,0.08412498,0.01334717,0.01453259,0.00271934,0.00258406,0.00094203,0.00106416,0.00449897,0.00371958,0.03649008,0.05150707,0.7990116,1.324414,0.5451896,0.4105104,0.1587083,0.1482628,0.7989293,0.5322081,0.2295706,0.21205,0.07810688,0.05583805,0.08059622,0.06385773,0.7140501,0.5800963,0.3361074,0.3526933,0.2173332,0.2485108,0.00794219,0.00455339,0.01225657,0.00652699,0.00990263,0.01154589,0.6387919,0.7812803,0.702879,1.159349
0.16,0.3100211,0.3117576,0.2524302,0.09287185,0.1788519,0.1157884,0.07442141,0.1485159,0.1325207,0.1385706,0.1437901,0.1182498,0.2990111,0.2295325,0.3905171,0.473012,0.2294386,0.2195582,0.2605841,0.1592915,0.3012869,0.4607877,0.1008221,0.07946207,0.04831244,0.04199111,0.07512855,0.07931147,0.2542134,0.2239255,1.322652,1.628124,0.4288063,0.3136216,0.08872671,0.1190728,0.05123407,0.06055538,0.09958811,0.09578799,0.01328542,0.01468695,0.00272448,0.00255108,0.00093892,0.00106882,0.00452759,0.00369949,0.03697019,0.05189909,0.7911387,1.056939,0.4655143,0.4673507,0.1605064,0.1278754,0.9155584,0.7449651,0.2265161,0.2270075,0.07497485,0.05359849,0.08360274,0.06404035,0.8524752,0.4508106,0.347254,0.3834006,0.2312159,0.2662367,0.00867189,0.00408936,0.0122413,0.00735024,0.01045675,0.01200373,0.5946162,0.925359,0.6877133,1.055671
0.17,0.3592453,0.3255667,0.2439357,0.08857115,0.2123907,0.163031,0.07090446,0.1334392,0.1517623,0.1049674,0.1359456,0.1141299,0.2831823,0.241546,0.4302978,0.3614183,0.2592084,0.2107932,0.2510265,0.1484795,0.2491486,0.4472096,0.09616322,0.06799341,0.05566108,0.04435538,0.07346515,0.07589256,0.2577311,0.2359139,1.299583,1.487738,0.4491349,0.3247449,0.08137806,0.108512,0.04759422,0.06898044,0.09210539,0.09737669,0.01292794,0.01484632,0.00273754,0.00254189,0.00093856,0.00107114,0.00447518,0.00367211,0.04107381,0.0529047,0.7262284,0.7963236,0.3992876,0.4326347,0.1724556,0.1502302,0.8844013,0.6659107,0.2485034,0.2570654,0.07002928,0.04625528,0.09486469,0.06772617,0.9531255,0.4462191,0.3645944,0.477264,0.2574155,0.2940756,0.00899462,0.00403092,0.01007658,0.01000697,0.01077806,0.01257269,0.5944919,0.9294751,0.6535441,0.9821824
0.18,0.2707969,0.2419168,0.2012384,0.09997715,0.2148986,0.1882824,0.06634779,0.126803,0.1506412,0.1206173,0.1495859,0.1439139,0.2902033,0.2551296,0.3880179,0.2842755,0.2324519,0.2128886,0.2804519,0.1498678,0.2442975,0.4463431,0.09038781,0.07388426,0.05215148,0.04535071,0.06526633,0.09688496,0.2410814,0.1907075,1.19429,1.340579,0.4019448,0.4044416,0.07182583,0.09336878,0.05162481,0.07160369,0.07572475,0.1022044,0.01640469,0.01424194,0.00275494,0.00252543,0.0009446,0.00107091,0.00441451,0.00372604,0.04906091,0.05219918,0.7060515,0.6309818,0.4493343,0.4104698,0.1550422,0.1400371,0.7521798,0.5566592,0.272729,0.3082241,0.06849355,0.04661017,0.08083629,0.06883223,0.8695441,0.4656475,0.3967695,0.5123373,0.2255744,0.2978066,0.00946326,0.00419823,0.0122939,0.01083204,0.01093689,0.01263969,0.6526901,0.8227752,0.7265239,0.9283229
0.19,0.2765313,0.1962849,0.1944016,0.1012235,0.2042543,0.1813323,0.07798521,0.1024266,0.1319799,0.1070401,0.1682909,0.1507631,0.2869972,0.2513788,0.4134698,0.30798,0.2170867,0.1879585,0.3423773,0.1506534,0.2670064,0.3740332,0.0820425,0.06861322,0.04693292,0.05072985,0.07711555,0.1149929,0.2483895,0.2417884,1.083286,1.247257,0.369067,0.4350896,0.0791899,0.07341396,0.05223,0.06351052,0.07314449,0.0945364,0.01551625,0.01671107,0.00275811,0.00254584,0.00094594,0.00107291,0.00462678,0.00391762,0.04833219,0.05017447,0.744559,0.5580427,0.5429969,0.3908043,0.1500359,0.1455056,0.788461,0.5432845,0.3087625,0.3422608,0.06989583,0.05088723,0.08171006,0.06510635,0.6392516,0.5289048,0.4947406,0.4877062,0.2226236,0.2864018,0.01053097,0.00463508,0.01373046,0.0102709,0.010544,0.01174278,0.6879681,0.8978009,0.8065798,0.8799976
0.2,0.2813449,0.1794959,0.2368047,0.1366812,0.1775845,0.1552939,0.07107285,0.1166823,0.1303168,0.1107054,0.1814552,0.1384425,0.2832409,0.2332053,0.410133,0.3521441,0.2250452,0.1667688,0.4152688,0.1794526,0.3074618,0.3770284,0.08259614,0.06884361,0.04491004,0.05266134,0.09017894,0.1121738,0.2793039,0.2386834,1.155528,1.021706,0.3533113,0.4887708,0.09135156,0.07798938,0.0509784,0.04736974,0.07388447,0.07432146,0.01836928,0.01823419,0.00276672,0.00253801,0.00094652,0.00107748,0.00472884,0.00406619,0.04006846,0.04763381,0.8782368,0.577661,0.6349167,0.3640674,0.1608664,0.139823,0.774428,0.4630805,0.286195,0.3410521,0.08275181,0.05423059,0.101468,0.07339837,0.4994781,0.5368068,0.4689142,0.4402874,0.2384797,0.2556385,0.01249276,0.00462875,0.01462556,0.01032433,0.01111241,0.01333624,0.6512262,0.9304031,0.8250954,0.8047607
0.22,0.335468,0.2212476,0.2569019,0.1249221,0.2299674,0.1517736,0.06969796,0.1552911,0.1571036,0.1104837,0.2363953,0.1734146,0.2954267,0.2366502,0.468334,0.3443715,0.2375207,0.1913573,0.4279851,0.1567891,0.3770356,0.4512482,0.07868519,0.07888143,0.04114224,0.04870263,0.1138672,0.09718102,0.4003577,0.2207096,1.102332,1.019446,0.3243014,0.4247846,0.1067583,0.080061,0.05457231,0.04635898,0.07959122,0.07957644,0.01465543,0.02026455,0.00281048,0.00252517,0.00095833,0.0010956,0.00470835,0.00389168,0.04597794,0.0595186,1.169368,0.7978753,0.5724698,0.4887877,0.1581897,0.1648251,0.8622861,0.409454,0.3205772,0.2505419,0.1303469,0.06985159,0.1221127,0.07281358,0.580039,0.5500578,0.4192288,0.3680226,0.2358555,0.2516303,0.01237486,0.00499745,0.01252121,0.01036628,0.01119607,0.01712887,0.5910385,0.865679,0.6810853,0.6946167
0.24,0.328059,0.2863633,0.2233255,0.09676097,0.2279082,0.1844074,0.0940296,0.1629592,0.169591,0.08759427,0.2795099,0.1728321,0.3273024,0.2473594,0.6240514,0.3164881,0.1971447,0.2246603,0.3305676,0.1887046,0.4043396,0.46557,0.08442163,0.09994603,0.04163949,0.04673827,0.1101722,0.1217264,0.3869311,0.2563353,1.555138,1.037697,0.3829143,0.4047523,0.1338399,0.07647955,0.06303612,0.05588511,0.1127053,0.1141093,0.01519116,0.01773991,0.00279839,0.00269511,0.00095263,0.00109577,0.00466523,0.0042685,0.04614091,0.06243943,1.393164,0.8393806,0.5234147,0.3383449,0.1711636,0.1586079,1.110271,0.3543929,0.2032937,0.210627,0.1434832,0.08275302,0.09530243,0.0829949,0.615661,0.4570788,0.2721763,0.4303147,0.2519721,0.2525737,0.01312481,0.00597668,0.01456976,0.01125055,0.01077569,0.01660433,0.5438797,0.7738811,0.5645292,0.7250737
0.25,0.2874931,0.26975,0.2159795,0.09531084,0.176991,0.1782947,0.1031861,0.13164,0.1665385,0.07872432,0.2503923,0.1858299,0.3201453,0.2529222,0.6985826,0.325758,0.1778443,0.2630163,0.3488826,0.1913413,0.4196434,0.4117983,0.09813499,0.09840386,0.04701704,0.04570501,0.1111072,0.1297587,0.3680546,0.2661479,1.715133,0.997825,0.3674905,0.4333894,0.1237837,0.08798957,0.06770987,0.05528026,0.1109294,0.1234414,0.01502079,0.02049204,0.00279341,0.0027936,0.00095284,0.00109663,0.00506716,0.00428438,0.04622651,0.06746696,1.246148,0.7254862,0.5779408,0.3154447,0.1879871,0.1684997,1.345952,0.3650845,0.1899096,0.1778834,0.1350737,0.08959518,0.09238153,0.0736458,0.5601125,0.5502498,0.2328402,0.4645171,0.2735479,0.2555327,0.01315015,0.00756922,0.01405611,0.01094706,0.011938,0.0168863,0.5102105,0.7044976,0.5389357,0.5986939
0.26,0.2227546,0.2350496,0.207036,0.0967325,0.1898126,0.1735468,0.103039,0.1448817,0.1456181,0.07365386,0.220612,0.2260688,0.3168971,0.2567427,0.7310277,0.3384378,0.2116663,0.2813627,0.3354843,0.2012857,0.3636956,0.3728698,0.1228974,0.08535914,0.05430439,0.04577047,0.121982,0.1206329,0.4081998,0.2770745,1.811273,1.013331,0.3911365,0.5222245,0.09654509,0.09079296,0.07923622,0.05225152,0.1034427,0.119115,0.01600284,0.01959778,0.00281936,0.00280646,0.00095117,0.00108405,0.00537608,0.00414118,0.04391585,0.06686173,1.07073,0.6252409,0.6320387,0.3458897,0.1999605,0.1558281,1.454779,0.4125296,0.190906,0.153715,0.1541642,0.09072259,0.08491396,0.08668587,0.5983512,0.589615,0.2456634,0.558048,0.2625225,0.2206922,0.01404258,0.00883975,0.01368687,0.01045152,0.01218043,0.0157156,0.4745074,0.6638835,0.516171,0.5073838
0.28,0.2008252,0.199939,0.1870519,0.09451533,0.2086721,0.1579447,0.09764804,0.1513229,0.08867785,0.07749071,0.1938939,0.2772077,0.3583011,0.2690246,0.6650195,0.4027245,0.2938307,0.3296297,0.3394603,0.2262231,0.2687041,0.3320977,0.1611292,0.1071396,0.04712724,0.04892442,0.1177825,0.1397558,0.3340519,0.308253,2.083475,1.241022,0.4602447,0.4948355,0.1047842,0.07540955,0.09384076,0.06737541,0.1125725,0.0976215,0.01630839,0.01987636,0.00313658,0.00268611,0.00093427,0.00109658,0.00530363,0.00426245,0.04229155,0.07341358,0.801375,0.5771023,0.6869631,0.3945885,0.1668788,0.1987303,1.461469,0.4365783,0.2343507,0.1536818,0.1567533,0.08568432,0.09083188,0.07506263,0.8463085,0.673191,0.2389425,0.4859375,0.1902224,0.1739147,0.01471011,0.00944754,0.01470839,0.01093123,0.01271946,0.01491745,0.3941679,0.4752792,0.4564276,0.4764715
0.29,0.1770576,0.1822931,0.1834808,0.09102103,0.2449573,0.1830361,0.1173402,0.1604218,0.1071824,0.07285397,0.1963985,0.269805,0.3721956,0.2884143,0.6199911,0.3738081,0.3038735,0.301208,0.3637083,0.2603083,0.2768991,0.3418283,0.1620578,0.1194305,0.04269023,0.04988208,0.1250406,0.1525771,0.2617844,0.3021143,2.212842,1.369492,0.4649574,0.4372142,0.1284299,0.07304645,0.08557361,0.06667993,0.1366941,0.09485427,0.01426585,0.01898896,0.00342774,0.00265976,0.00094136,0.00112784,0.00598508,0.00462961,0.04402455,0.07447858,0.7239224,0.5989522,0.6826163,0.4084635,0.17529,0.1888571,1.366267,0.4678512,0.2652945,0.1647004,0.1295574,0.0871218,0.1057146,0.06925685,0.974057,0.773636,0.2278552,0.4129614,0.1739729,0.2007866,0.01425464,0.00917788,0.01390319,0.01160269,0.0131508,0.01486571,0.3524625,0.4297375,0.416519,0.4714275
0.3,0.1815232,0.1557887,0.1728694,0.09265778,0.2562014,0.2163294,0.1379153,0.1652745,0.1167123,0.07140599,0.225556,0.2456039,0.3817346,0.3053436,0.5567884,0.3296061,0.2960537,0.2801303,0.4028774,0.3083827,0.3013722,0.3563269,0.1620301,0.1185141,0.0434689,0.04968341,0.1145334,0.1444134,0.2172948,0.2618714,2.294484,1.502356,0.4883829,0.4625594,0.1432795,0.08339353,0.09022839,0.05963458,0.1366573,0.1034924,0.01562017,0.01827542,0.00368544,0.00277524,0.00094553,0.00112569,0.00635619,0.00521825,0.04706723,0.07520771,0.7107251,0.6430753,0.6595407,0.4024515,0.1854696,0.1559971,1.264392,0.4659585,0.2425427,0.1910694,0.1021091,0.09430051,0.110619,0.0671104,1.056301,0.8098975,0.2101175,0.3718819,0.1853635,0.2296444,0.01411213,0.00979489,0.01307526,0.01249835,0.01393886,0.01589583,0.3144499,0.4232455,0.375195,0.4612446
0.32,0.1781539,0.1554031,0.155922,0.08998259,0.2755572,0.2479022,0.1187294,0.1799318,0.1286702,0.08507089,0.2130569,0.208926,0.3874034,0.2874156,0.4514563,0.2949703,0.2626461,0.2810666,0.4010895,0.3782585,0.2889829,0.376083,0.1566726,0.09064391,0.04459055,0.05063193,0.1058501,0.1404439,0.2349872,0.3216984,2.206224,1.734801,0.4948068,0.4871305,0.1377008,0.1028125,0.0866892,0.06223257,0.1144385,0.09744369,0.01692416,0.01861886,0.00369047,0.00333645,0.00094851,0.00114219,0.00546079,0.00510634,0.04923188,0.07229748,0.7172949,0.7397895,0.5752915,0.3595421,0.19327,0.1673967,1.031479,0.3040337,0.1725142,0.2255257,0.08752149,0.08859415,0.1106069,0.07784357,1.006895,0.7388309,0.1857693,0.3796085,0.2017271,0.2365712,0.01558589,0.00947387,0.01473345,0.01620376,0.01333988,0.01812414,0.2734865,0.4274413,0.3345047,0.4287645
0.34,0.2062529,0.1869584,0.1264219,0.08467665,0.2747861,0.2276303,0.1046698,0.228508,0.1295312,0.09726788,0.23278,0.226085,0.3784525,0.2787344,0.4165204,0.2379651,0.1947742,0.2620154,0.3307278,0.3668849,0.2502454,0.3358454,0.1516487,0.08171505,0.04635338,0.04722732,0.1005572,0.1175285,0.2246535,0.2903095,1.824473,1.711602,0.5897337,0.510895,0.1153788,0.1041871,0.07889506,0.06237596,0.0992193,0.07531818,0.01980332,0.019789,0.00368455,0.00376981,0.00095329,0.00122412,0.0053182,0.00468929,0.05033904,0.06277699,0.7056769,0.795216,0.5515046,0.3015372,0.1805665,0.1879354,0.8801036,0.2607985,0.1343602,0.1874866,0.09752958,0.06849393,0.108556,0.07922172,0.9143489,0.6636776,0.1387769,0.318943,0.1779653,0.1955444,0.01502814,0.00927092,0.01393506,0.01609561,0.01608459,0.02164492,0.2902907,0.4187244,0.3739724,0.4014862
0.35,0.1840666,0.2070659,0.1203342,0.08631192,0.2671036,0.2073335,0.09997468,0.2357944,0.1281247,0.115799,0.2654032,0.2418099,0.3813553,0.2937349,0.4440199,0.2226816,0.1627909,0.2350368,0.3532701,0.3340641,0.2488068,0.3103001,0.1574849,0.07524979,0.05003535,0.05297892,0.09468275,0.09068117,0.1957164,0.2824367,1.640049,1.703484,0.5786051,0.5278878,0.1084422,0.09634133,0.07440493,0.06850401,0.09999144,0.07645745,0.02062389,0.01826663,0.00364174,0.00419872,0.00094339,0.00125297,0.00519535,0.00456843,0.04998368,0.06001433,0.6867477,0.7975668,0.5333744,0.2683593,0.1751411,0.1843252,0.8776543,0.2423592,0.1328578,0.1715815,0.09755843,0.06143937,0.1014016,0.0856933,0.9234328,0.6875393,0.1337133,0.2854888,0.1818543,0.1933432,0.01375029,0.00849657,0.01202972,0.01451785,0.01708264,0.02357889,0.3057757,0.4236109,0.3838384,0.3918379
0.36,0.1844438,0.2103886,0.1038139,0.07840029,0.2791472,0.1931573,0.09209575,0.2403321,0.1225324,0.1268863,0.3077599,0.2603053,0.3875743,0.304668,0.4583996,0.2188112,0.1357608,0.2155895,0.4013386,0.2890483,0.2624359,0.2858613,0.1457948,0.07442723,0.05240116,0.05910638,0.09644971,0.08548944,0.1869287,0.2754411,1.494082,1.598347,0.573582,0.5366336,0.09974067,0.08736777,0.07510564,0.07415827,0.09926813,0.07616051,0.02109432,0.01743785,0.00370527,0.00436001,0.00095887,0.00127332,0.00560481,0.0049547,0.05401224,0.0677698,0.6584024,0.7829819,0.5157288,0.2351924,0.1661564,0.1739913,0.8510237,0.2656193,0.13086,0.164858,0.09252018,0.06059134,0.1010463,0.09073794,0.9159968,0.7232414,0.1316951,0.3071814,0.1909051,0.2111531,0.0118249,0.00780706,0.01175528,0.01302773,0.01829135,0.02659725,0.3366091,0.4312223,0.3898889,0.386934
0.38,0.21467,0.1878238,0.1186302,0.07569224,0.278169,0.2284803,0.1076178,0.2367345,0.1159068,0.1384786,0.3382099,0.2673362,0.4365372,0.406293,0.430209,0.2326022,0.1092422,0.1855514,0.4132574,0.2017895,0.2451306,0.2563226,0.1105516,0.09026743,0.05595826,0.06883188,0.1228572,0.08193646,0.1723635,0.26469,1.283361,1.172442,0.5030556,0.508262,0.08301634,0.06225701,0.0777218,0.0713511,0.09132221,0.07420504,0.01913339,0.01714006,0.00445391,0.00412648,0.00101627,0.00126794,0.00634561,0.00637916,0.05640687,0.07715699,0.5846047,0.7423121,0.4281781,0.2240598,0.1456944,0.1652309,0.7846621,0.3148066,0.1519165,0.1753857,0.0859523,0.05862761,0.07722806,0.08064015,0.9092689,0.8459482,0.1320767,0.3705316,0.1903551,0.2753487,0.01010517,0.00685724,0.01242858,0.01080438,0.01803591,0.0282532,0.404557,0.4246234,0.4037373,0.471678
0.4,0.1994352,0.2095109,0.1283767,0.08242955,0.2014682,0.2837017,0.123398,0.2009802,0.1171022,0.1368378,0.2751889,0.2511815,0.4154631,0.4162508,0.4160212,0.2391093,0.09711088,0.1686213,0.4106699,0.1790057,0.2585523,0.2431565,0.1152744,0.09880299,0.05208696,0.07565169,0.1296232,0.07881431,0.163398,0.2944422,1.175987,0.958433,0.6300659,0.5845385,0.07021903,0.05986433,0.09038974,0.07120165,0.07471403,0.07246228,0.01793147,0.01835072,0.00518446,0.00496983,0.00102198,0.00123735,0.00786493,0.00760196,0.05886414,0.09482194,0.5480775,0.6570098,0.3475478,0.1782453,0.1362554,0.1325399,0.817672,0.3139911,0.2074383,0.1825193,0.08181636,0.05969746,0.07837977,0.07697471,0.9655357,0.9587563,0.1373853,0.3521679,0.1955486,0.3212966,0.01068049,0.00668916,0.01415079,0.01323614,0.01816496,0.02423332,0.4258552,0.4042313,0.4037427,0.52643
0.42,0.1631822,0.2441954,0.1383652,0.07916271,0.1552762,0.2746306,0.1335646,0.1490275,0.1016881,0.1240963,0.2526626,0.2318675,0.4015258,0.3794635,0.3966826,0.2148356,0.1185109,0.1328562,0.4374599,0.1782717,0.244706,0.2855043,0.1319083,0.1046142,0.05278081,0.07750909,0.1277293,0.08349703,0.1884005,0.3167487,1.100791,0.8131244,0.8001542,0.5891958,0.06660239,0.06295286,0.09848506,0.05846253,0.08806536,0.0680682,0.01563182,0.01962827,0.00540326,0.00616483,0.00102739,0.00131378,0.00773947,0.0065319,0.06732879,0.1040041,0.7212685,0.556927,0.3604198,0.1888756,0.1335226,0.1198562,0.8425193,0.2631764,0.2324263,0.2195172,0.08425412,0.06187984,0.1002081,0.06374241,1.017466,0.9811237,0.1545311,0.3023946,0.2101928,0.3512474,0.01076551,0.00625488,0.01398913,0.01313898,0.01968175,0.02483422,0.4157855,0.4439475,0.3896577,0.5334559
0.44,0.164705,0.2736976,0.1164467,0.07255869,0.1544872,0.2033205,0.1419322,0.1328261,0.1058401,0.1017234,0.2578449,0.2580947,0.4265118,0.3466364,0.3782189,0.2010273,0.1287358,0.1251423,0.4671968,0.1560305,0.27746,0.3226124,0.1105137,0.09933215,0.05870671,0.07032058,0.1200854,0.1018622,0.1852999,0.3326366,1.004153,0.6889837,0.7701694,0.5721619,0.06777024,0.05371946,0.09542216,0.06324684,0.08788125,0.08254013,0.01558569,0.01859756,0.00520077,0.00721221,0.00105861,0.00142995,0.00704009,0.00612954,0.07304662,0.1118379,0.6983975,0.4363796,0.4331858,0.1865932,0.1376009,0.1057989,0.7920742,0.1877937,0.1979515,0.2000416,0.07348625,0.05734616,0.09839956,0.05888883,1.099601,0.9916416,0.1635163,0.2989776,0.2259797,0.3604259,0.01061747,0.00700007,0.01363116,0.01145786,0.02269308,0.02790645,0.3773881,0.4097816,0.3764006,0.4975945
0.45,0.1777813,0.2679893,0.09750956,0.06750757,0.1608246,0.1641755,0.1432468,0.130903,0.1089917,0.09233783,0.2654936,0.2741174,0.4506611,0.3496376,0.3606093,0.1916202,0.1233105,0.121753,0.4526845,0.1609109,0.2974632,0.3189256,0.1040754,0.09770555,0.06047146,0.06882045,0.1111191,0.1065814,0.1773746,0.3311096,0.9454333,0.6954968,0.6896026,0.5691183,0.06851702,0.05012934,0.0913092,0.06869743,0.08562808,0.08729803,0.01724933,0.02047116,0.0049407,0.00746732,0.00105313,0.00149555,0.00756992,0.00617036,0.07825867,0.1146204,0.6238663,0.3833466,0.4716604,0.1859047,0.1404435,0.09775843,0.7381319,0.1748109,0.1737588,0.1872679,0.06889686,0.05256748,0.09996045,0.0612849,1.110517,0.9944322,0.1648586,0.3089337,0.2489502,0.3596366,0.01007289,0.00710192,0.01433311,0.01006939,0.02481797,0.0295006,0.3506329,0.3913883,0.3557427,0.4687077
0.46,0.1888616,0.2396115,0.07679798,0.06289317,0.1624686,0.1494712,0.143867,0.1442143,0.1083724,0.08325715,0.2666593,0.2812603,0.4637123,0.3526631,0.3698819,0.1927848,0.1204456,0.1175178,0.4198453,0.158344,0.3087535,0.3015648,0.1111382,0.09386308,0.06363691,0.06709728,0.0987756,0.1017127,0.1578757,0.3256079,0.880267,0.6788743,0.5925319,0.5320391,0.06822702,0.05039009,0.08357055,0.07347775,0.0793386,0.0918347,0.01926218,0.02362905,0.00477689,0.00718689,0.00105226,0.00154772,0.00786529,0.00625366,0.07971151,0.1147759,0.5575287,0.3357939,0.498906,0.185801,0.1429103,0.09349582,0.6712086,0.1721284,0.1564352,0.1866555,0.06548738,0.04919683,0.1042498,0.06140965,1.087133,1.000652,0.1707547,0.3122826,0.2679396,0.3514945,0.00943924,0.00707127,0.01460894,0.00883824,0.0261084,0.03125274,0.3202013,0.3557014,0.3428374,0.4353654
0.48,0.2083048,0.1823745,0.06041935,0.05216013,0.1855551,0.1390942,0.1373238,0.1535053,0.09462405,0.068005,0.2795737,0.2717292,0.4723517,0.3800273,0.4131679,0.1778385,0.1285711,0.1164459,0.3375022,0.1412503,0.3065378,0.2931632,0.1218856,0.08693585,0.06569427,0.07286891,0.08558057,0.1013852,0.1556139,0.3027136,0.7392052,0.5909144,0.4356283,0.5211227,0.06275172,0.05438596,0.06770705,0.07529648,0.07958473,0.1045129,0.0197879,0.02487748,0.00490511,0.00652484,0.00103503,0.00160002,0.00753727,0.00614418,0.07169139,0.1053685,0.5132625,0.2860621,0.5037944,0.1872555,0.1465603,0.08793519,0.6144397,0.2110179,0.1562297,0.1800103,0.06106934,0.04806012,0.1137685,0.06173334,0.9795728,1.016609,0.1709069,0.3003592,0.2689528,0.3148133,0.00911853,0.00757083,0.01362242,0.00824837,0.02423263,0.02943534,0.2455577,0.3105712,0.3070543,0.3652023
0.5,0.2225965,0.1772823,0.05403709,0.04469179,0.1924154,0.1263086,0.1218512,0.14789,0.072444,0.05989489,0.324961,0.284235,0.5111403,0.4341325,0.4253164,0.2194237,0.1247165,0.1229598,0.2801577,0.1535824,0.3045878,0.2558452,0.1322884,0.09372543,0.05847475,0.07542149,0.07552782,0.0872916,0.1501885,0.2644363,0.5959975,0.4861697,0.367131,0.4158422,0.07299695,0.06000404,0.06763425,0.06998736,0.08033922,0.1199929,0.01657307,0.02504594,0.00489196,0.0061117,0.00094257,0.00159767,0.00724445,0.00609795,0.06400843,0.09722681,0.4697548,0.2875771,0.4674792,0.2034234,0.1476697,0.08338359,0.5638228,0.2012273,0.1797101,0.1708303,0.05651939,0.05222384,0.1081258,0.06985796,0.884589,0.9813001,0.160775,0.289597,0.2614506,0.2672985,0.00821881,0.00599626,0.01328825,0.00852993,0.02153602,0.02788722,0.2044305,0.3079744,0.3364308,0.3049198
0.55,0.2042993,0.142182,0.05786063,0.03951597,0.26517,0.1465306,0.06233139,0.1090299,0.04523301,0.0679493,0.30316,0.3103625,0.4934463,0.5489019,0.4367768,0.1979601,0.08881769,0.1660355,0.3072225,0.1492115,0.2126864,0.2152959,0.09002778,0.0784026,0.05588907,0.1027138,0.08304562,0.07699037,0.1156074,0.2139833,0.4111266,0.350221,0.3738565,0.4133404,0.06107118,0.04434907,0.06457936,0.07539093,0.07530219,0.1034225,0.01037076,0.02244441,0.00530982,0.00519589,0.0009433,0.00151609,0.00701703,0.00575685,0.07150848,0.0860584,0.3997277,0.27923,0.3009717,0.1578224,0.1384929,0.07403214,0.3947355,0.1447006,0.2154298,0.1404548,0.0605305,0.07312902,0.07795109,0.07016851,0.6884174,0.6855583,0.133665,0.2120709,0.1942383,0.2152348,0.00876303,0.0048685,0.01355567,0.00743877,0.02244447,0.02783926,0.1954592,0.2590984,0.3418032,0.3318474
0.6,0.2006126,0.1296793,0.04291315,0.02970996,0.2073247,0.1560931,0.06226591,0.1311179,0.04415774,0.04988329,0.3003523,0.3203899,0.6089981,0.7011826,0.4242626,0.2772716,0.1084274,0.1656662,0.2967914,0.1781063,0.201392,0.259418,0.07715847,0.08579861,0.06117688,0.08603632,0.08014853,0.08736601,0.1056554,0.182838,0.3299957,0.2864887,0.5214466,0.3775616,0.06451794,0.03027112,0.06204359,0.06054067,0.06901967,0.06585733,0.01286668,0.02209172,0.00488307,0.004815,0.00099678,0.00162654,0.00707655,0.00572653,0.07049314,0.07474222,0.3757762,0.2642797,0.2223537,0.1152714,0.121159,0.06923358,0.3143916,0.158543,0.2138723,0.1722376,0.07320748,0.08725289,0.06498832,0.09310914,0.4189283,0.5851066,0.1079886,0.1904072,0.1582699,0.2078874,0.01193851,0.00600918,0.01394077,0.00637651,0.02463556,0.02813386,0.2060121,0.2926335,0.3118113,0.3498249
0.65,0.2481656,0.1212597,0.03460816,0.02790108,0.1485261,0.1142489,0.06011292,0.1430727,0.03784059,0.05970227,0.2342686,0.2661341,0.7875369,0.7972354,0.3008038,0.3571991,0.1094709,0.1751976,0.3337229,0.2059196,0.2089957,0.2443703,0.09330923,0.1109569,0.05995554,0.06031139,0.0852069,0.07661384,0.07134455,0.1695555,0.332608,0.2630638,0.5154908,0.3642448,0.0543915,0.03488099,0.05468551,0.06580909,0.0663005,0.05386196,0.01330615,0.02396665,0.00440977,0.00432879,0.00115812,0.00147548,0.00741085,0.00788811,0.05736325,0.08053721,0.3639668,0.292843,0.2272499,0.1114952,0.09338727,0.06450639,0.3182361,0.1142694,0.1642977,0.1183671,0.06593449,0.07021644,0.07717674,0.09820459,0.2463971,0.6902987,0.06815889,0.1406218,0.129088,0.2009017,0.0129842,0.00862702,0.01199801,0.00750673,0.02457569,0.0218908,0.2049533,0.2277865,0.3373327,0.4230704
0.667,0.2489353,0.1230062,0.03254804,0.0252764,0.1503296,0.1262383,0.05665433,0.132672,0.03828208,0.06425691,0.206066,0.2493281,0.7986243,0.7941222,0.2583379,0.3451365,0.1017696,0.1649533,0.315856,0.2261039,0.2162005,0.2363435,0.09715988,0.1074339,0.06641831,0.06480172,0.08375259,0.08261262,0.06745218,0.1600918,0.3299282,0.2910168,0.4592778,0.3549204,0.05242898,0.03768808,0.05220855,0.06629968,0.06546611,0.06063318,0.01202939,0.02170475,0.00426093,0.00398119,0.00121285,0.00143294,0.00706566,0.00832854,0.05785925,0.09186321,0.3594128,0.3135611,0.2501537,0.1194407,0.0818208,0.05995953,0.3170853,0.1079056,0.136956,0.1123138,0.05816261,0.06163302,0.07292502,0.1038333,0.24419,0.7299785,0.06316014,0.1254843,0.1306982,0.1997961,0.01242898,0.00921626,0.01210511,0.00789418,0.02530571,0.0201572,0.205512,0.1997237,0.3452066,0.4459127
0.7,0.230536,0.1255935,0.02739752,0.02108448,0.1421849,0.1376907,0.05550046,0.1182252,0.04748951,0.06973171,0.1936619,0.2670508,0.7688197,0.7314956,0.2040921,0.2768281,0.08906672,0.1329092,0.2930148,0.2411744,0.1987584,0.2368982,0.08887701,0.1011647,0.074066,0.07103044,0.08474379,0.09400218,0.08117557,0.1524537,0.3124575,0.3185331,0.3714559,0.3115795,0.05588893,0.03824341,0.05456116,0.06608163,0.0613386,0.06241043,0.01391627,0.01664042,0.0045714,0.00358632,0.00126341,0.00130843,0.00820317,0.00895008,0.07080618,0.1062232,0.3906461,0.3468099,0.2815347,0.1241497,0.07423238,0.04657371,0.3076344,0.101845,0.1156144,0.09744716,0.06309086,0.04941779,0.07419063,0.1180652,0.2571776,0.7739305,0.06727585,0.1228722,0.1261859,0.1922343,0.01061187,0.00694277,0.01089795,0.00652127,0.02371935,0.01905697,0.2126609,0.1565755,0.3608465,0.4875905
0.75,0.2234805,0.1382383,0.02922603,0.02018131,0.1128212,0.1340725,0.05226492,0.1075193,0.05545783,0.04964561,0.1686174,0.2286544,0.6565669,0.6763346,0.1980076,0.169156,0.09549105,0.09700088,0.2940725,0.214963,0.1699034,0.2341564,0.08105325,0.1085875,0.05881697,0.08931833,0.0705449,0.08276799,0.08511375,0.1118324,0.2707411,0.3171396,0.3065434,0.2917441,0.07478029,0.04029125,0.05874599,0.06211359,0.05733448,0.06732095,0.01232257,0.01488797,0.00522993,0.00482278,0.00140791,0.00151627,0.00951818,0.00743315,0.07903957,0.1046031,0.4122682,0.351781,0.2894207,0.08746518,0.05567332,0.0377155,0.2838613,0.08719397,0.1052717,0.07839809,0.06135208,0.04460497,0.0583399,0.1131371,0.2914194,0.7410925,0.06439126,0.1458057,0.1132035,0.166159,0.00919213,0.0043233,0.00958606,0.00481163,0.02459519,0.01998999,0.2254544,0.1508982,0.3902434,0.5230097
0.8,0.1408638,0.1018522,0.03123579,0.01799938,0.08895862,0.1330131,0.05600785,0.1088589,0.05205153,0.0350163,0.1687891,0.216776,0.5949488,0.6461792,0.2153918,0.1428013,0.09117368,0.08885118,0.2904158,0.1813983,0.1864614,0.2138731,0.09729891,0.1101123,0.06191976,0.08286312,0.07221411,0.08117183,0.09351267,0.1148259,0.2388736,0.2591493,0.3047269,0.3092701,0.06773965,0.0456902,0.06082304,0.05277376,0.0524323,0.06002716,0.01469196,0.01176819,0.00611949,0.00593492,0.0016159,0.00153205,0.00868737,0.00544742,0.08090641,0.1118659,0.4126067,0.3224049,0.2551551,0.0841269,0.04474638,0.03491813,0.2661701,0.0667954,0.09672811,0.07290274,0.0661124,0.03722513,0.06713267,0.1258958,0.2999263,0.6686085,0.07440712,0.1366249,0.1151434,0.1777826,0.00796133,0.00375465,0.0082596,0.00441726,0.02227782,0.02460975,0.2025681,0.1715351,0.4038061,0.5297754
0.85,0.1096978,0.07545429,0.03588845,0.02106274,0.09501268,0.1125588,0.05666862,0.1012955,0.04600081,0.03197278,0.1332148,0.2345177,0.6860281,0.5885053,0.2554179,0.1251326,0.09136008,0.06715175,0.2973689,0.1861307,0.2177113,0.2201253,0.09178654,0.1059435,0.06611408,0.0659894,0.08296604,0.08724602,0.1013326,0.09475873,0.2286899,0.2051109,0.2867409,0.3778615,0.04287243,0.0407051,0.06050183,0.04161152,0.04844077,0.04449565,0.01378249,0.01264912,0.00626684,0.00673353,0.00179301,0.00164333,0.00757136,0.00560427,0.07423957,0.1088577,0.4416185,0.2880653,0.2219964,0.06576384,0.04240135,0.03238244,0.2445961,0.06451817,0.06457888,0.05745305,0.06841905,0.04684845,0.07318836,0.1017243,0.2613927,0.6280752,0.07496499,0.1021661,0.1046333,0.1866154,0.00696511,0.00408589,0.00822181,0.00460172,0.02298417,0.03068057,0.1627716,0.1683661,0.409831,0.5102801
0.9,0.1278429,0.05515811,0.03332867,0.01812798,0.07865242,0.1100308,0.05506823,0.103685,0.03843051,0.03880487,0.1521636,0.3211161,0.7694578,0.5529149,0.2880971,0.1764562,0.09924302,0.06595629,0.319099,0.2011936,0.2527342,0.1967906,0.08244479,0.1133693,0.07310421,0.06504311,0.08923683,0.0828684,0.09393293,0.1129593,0.2197262,0.1419374,0.2836192,0.3616655,0.03367174,0.03821475,0.05813868,0.03742026,0.04336475,0.05006094,0.01575788,0.01090679,0.00814685,0.00703595,0.00175779,0.00173312,0.00853484,0.00683343,0.0879539,0.1030905,0.4079573,0.2448602,0.1944044,0.05184285,0.05284965,0.03332888,0.2302198,0.05063983,0.05292137,0.06539249,0.06657855,0.04722077,0.07970585,0.09687031,0.1928218,0.5698391,0.06792035,0.08699003,0.1111198,0.1767905,0.00641487,0.0033385,0.00767706,0.00508179,0.01824058,0.02663866,0.1455956,0.1459636,0.4053333,0.4829511
0.95,0.1481804,0.06191714,0.03500711,0.017046,0.05737046,0.1310236,0.05119549,0.135363,0.03620788,0.04852486,0.1708595,0.3187704,0.96389,0.5507188,0.2723441,0.1950998,0.08705273,0.06363802,0.3224979,0.1901426,0.1951103,0.2034098,0.1094506,0.1186235,0.07762869,0.05377448,0.08680029,0.07407932,0.09004709,0.1221153,0.2097577,0.1180932,0.368231,0.3289501,0.03175769,0.03657807,0.06152558,0.04393648,0.046062,0.04619717,0.01506321,0.01003218,0.00867749,0.00746524,0.00153012,0.00153616,0.00998358,0.00775944,0.09442969,0.1005866,0.3596364,0.2218313,0.1567122,0.04951598,0.04340399,0.04149687,0.2127141,0.04781375,0.04905384,0.07588083,0.05507712,0.05095107,0.06969091,0.1248487,0.1686459,0.5115297,0.07709438,0.08573776,0.1219625,0.1728326,0.00636726,0.00299967,0.006784,0.00481104,0.01729248,0.02483526,0.134968,0.1256146,0.3922776,0.4403058
1,0.1341826,0.07140176,0.03437279,0.02085865,0.05809835,0.1133626,0.06214048,0.1489734,0.03188209,0.05119251,0.1738332,0.322152,1.144946,0.5448844,0.256914,0.1782959,0.07184025,0.08177648,0.2840628,0.1805475,0.1863902,0.2222952,0.1222016,0.131542,0.07840019,0.04521319,0.09095611,0.08279388,0.08800888,0.1101156,0.1988548,0.1191919,0.4048801,0.2975802,0.02835921,0.03037162,0.07789323,0.0416441,0.06362294,0.03625358,0.01241392,0.01036527,0.00972223,0.00635265,0.00157588,0.00167142,0.01048679,0.00711547,0.09198508,0.1146564,0.3405437,0.2087534,0.1229761,0.04620393,0.04716459,0.04317103,0.1984934,0.04730357,0.04366032,0.07972755,0.04828583,0.05107615,0.06879274,0.1261332,0.1355245,0.452869,0.06560981,0.08996639,0.1173754,0.1825881,0.00711571,0.00315263,0.0071799,0.00453742,0.01845858,0.02227665,0.1266208,0.1021312,0.3725006,0.3984065
1.1,0.1294743,0.04589139,0.02449928,0.02181825,0.06161335,0.07993936,0.04912193,0.1434384,0.01971989,0.04545692,0.1511459,0.1986002,1.181599,0.5767488,0.2273104,0.1685036,0.07945937,0.1048707,0.1726285,0.144099,0.169053,0.2000999,0.1158635,0.1208343,0.08612683,0.05016782,0.0896074,0.07066368,0.07460532,0.07074554,0.1828236,0.09613429,0.2911744,0.2064647,0.02742652,0.02160106,0.05867647,0.03493842,0.06715278,0.02166597,0.01297083,0.01522781,0.00885544,0.00544768,0.00186641,0.00171137,0.01380084,0.00683611,0.103243,0.1490896,0.305525,0.1748761,0.09617431,0.05035456,0.03380656,0.03562728,0.1732125,0.0510054,0.03422951,0.08564749,0.0384619,0.04151815,0.0790932,0.1099435,0.1217055,0.3288424,0.07502653,0.1227116,0.08264543,0.151848,0.00651628,0.0037683,0.00561357,0.00297064,0.01904553,0.02170633,0.1098489,0.06607766,0.3327898,0.3470985
1.2,0.1412465,0.04311466,0.01889094,0.01719617,0.06090649,0.05650054,0.0319015,0.0991493,0.02191528,0.04041323,0.1402387,0.2187231,0.9522623,0.6135937,0.2422734,0.1756629,0.07324218,0.1008966,0.1199997,0.1270557,0.1583025,0.1829887,0.111018,0.1022755,0.07127137,0.05029646,0.08337077,0.09589367,0.06734936,0.06968533,0.1617,0.08243328,0.2574601,0.215852,0.02231992,0.02223251,0.0311124,0.04820302,0.0517304,0.0187352,0.00925052,0.0135756,0.00686568,0.00627738,0.0021815,0.00191332,0.01701596,0.00990786,0.1013274,0.1448905,0.2466767,0.1556004,0.08173627,0.04374064,0.02544094,0.02473444,0.1551489,0.03774249,0.03887087,0.06437846,0.03620243,0.03275494,0.06406332,0.09431633,0.1089606,0.2474445,0.05421489,0.1648038,0.06912357,0.1213865,0.00541938,0.00409045,0.00395312,0.00239333,0.02200163,0.02002739,0.09245573,0.06235803,0.2887689,0.2932425
1.3,0.1167353,0.0411333,0.01770085,0.01444471,0.05481816,0.05320879,0.03743044,0.06042512,0.02001206,0.04286023,0.1134046,0.2109432,0.6878057,0.520726,0.229619,0.1755577,0.04845713,0.08241116,0.08939731,0.1064908,0.1319859,0.1426507,0.1051463,0.09975963,0.09182637,0.06452674,0.1029999,0.1174283,0.06498663,0.1084932,0.1306634,0.08423194,0.1780056,0.2293026,0.01609095,0.02019208,0.02365493,0.05121063,0.04415622,0.0224827,0.00985063,0.01202183,0.00717448,0.00742035,0.00252574,0.00283043,0.0172362,0.01257045,0.1014404,0.1391733,0.1771081,0.1357756,0.06767167,0.02553382,0.02188692,0.02547919,0.1359148,0.04486636,0.02987605,0.04724124,0.0240355,0.02894114,0.0598496,0.08071131,0.08953776,0.1984161,0.05640005,0.1582408,0.07150432,0.09546031,0.00450058,0.00291233,0.00382541,0.00264167,0.02379935,0.02442172,0.07792244,0.06804612,0.254203,0.2425576
1.4,0.1024491,0.04962667,0.01902076,0.01560183,0.06006083,0.07105813,0.02903237,0.04487192,0.01547952,0.03910446,0.09800766,0.1432488,0.5031621,0.3856227,0.2324416,0.1584677,0.03065404,0.0605972,0.07537285,0.09537726,0.1166097,0.1913568,0.08860967,0.08217084,0.089983,0.06657466,0.1408217,0.09221866,0.06886338,0.1223285,0.1121043,0.08108264,0.1247787,0.1887275,0.01534058,0.01687889,0.02164884,0.03740965,0.04203098,0.01902712,0.01173461,0.01077568,0.00693777,0.00581007,0.00223118,0.00256013,0.01795168,0.00978706,0.06812743,0.1190933,0.1493267,0.1217771,0.05495998,0.02124679,0.01666688,0.01919755,0.1171653,0.04138747,0.02209743,0.04510891,0.02215109,0.02783407,0.05974684,0.05450337,0.06799318,0.1517543,0.05195218,0.114219,0.06412955,0.06655627,0.00325827,0.00302471,0.00503143,0.00386966,0.02953862,0.03021153,0.06754229,0.06709851,0.2247367,0.1992462
1.5,0.1039368,0.04093829,0.02060011,0.01025966,0.07655623,0.06180352,0.03277404,0.03194503,0.01862919,0.03501522,0.101365,0.1417167,0.3854962,0.2815796,0.1702367,0.1341942,0.02734663,0.04475255,0.07294661,0.08409256,0.09225281,0.1596819,0.09694831,0.07732168,0.08171861,0.05772917,0.1331394,0.0947508,0.07376829,0.105998,0.1025676,0.0823743,0.1029051,0.1381261,0.01449803,0.01214352,0.01647833,0.02697724,0.03889639,0.01812566,0.0098278,0.01231366,0.00615111,0.00669877,0.0027504,0.00260318,0.01184433,0.00852625,0.05680379,0.08141797,0.1237272,0.1100792,0.04408706,0.02147229,0.01368267,0.01388026,0.09952214,0.03371963,0.01743581,0.04566306,0.02055781,0.02603401,0.04318451,0.05677514,0.0682219,0.1115491,0.0324788,0.0754107,0.05800514,0.05610477,0.00250977,0.00291571,0.00568511,0.00512167,0.02483404,0.02979363,0.06054403,0.07247543,0.1974058,0.16583
1.6,0.1123108,0.03826115,0.01751987,0.00702086,0.05653719,0.06122769,0.03392521,0.03481269,0.01918218,0.02831898,0.1271333,0.1747632,0.292619,0.211367,0.1196983,0.135195,0.02120868,0.04565136,0.07792397,0.07520102,0.109172,0.1687466,0.1006478,0.1054199,0.07493097,0.05045562,0.1033019,0.1126363,0.1026171,0.1117188,0.08190309,0.08432245,0.09388389,0.1063385,0.01274565,0.00936183,0.01368838,0.02101836,0.03143963,0.01874441,0.00872702,0.01256214,0.00718687,0.00694734,0.00234698,0.00329967,0.00869746,0.01014406,0.0645939,0.08853891,0.1039934,0.09607729,0.04082645,0.02258594,0.01087482,0.01029907,0.08336794,0.02651098,0.01379146,0.04281494,0.01669051,0.02225953,0.03477429,0.05159925,0.06897473,0.09917144,0.02642876,0.05051637,0.05056309,0.04342922,0.00223742,0.00250484,0.00592418,0.00399145,0.02301173,0.02673499,0.0533645,0.06876435,0.1738645,0.1371268
1.7,0.1139849,0.03653577,0.01358829,0.00682002,0.05380885,0.0694205,0.03139571,0.0318018,0.02192272,0.01957422,0.1668992,0.2074274,0.2158655,0.164069,0.09822056,0.1474629,0.02226527,0.05806699,0.07025302,0.07998444,0.1183008,0.1863761,0.0925127,0.1357707,0.05538837,0.06698954,0.06419241,0.1174577,0.1126046,0.1260894,0.07025637,0.07685503,0.0896076,0.08937148,0.01397242,0.01092181,0.01022645,0.0164729,0.02425471,0.01872527,0.00638051,0.0108477,0.00846335,0.00793081,0.00224757,0.00391386,0.00798781,0.01116635,0.0763687,0.09100752,0.08825204,0.08041854,0.03862805,0.02371379,0.00840068,0.00919568,0.06886072,0.01763596,0.01218462,0.03928747,0.01787866,0.0188789,0.0374155,0.05453454,0.06889095,0.1090966,0.01881821,0.035317,0.036817,0.03861738,0.00246001,0.00181299,0.00443226,0.00276333,0.02219846,0.02608638,0.04659847,0.05975503,0.1542961,0.116026
1.8,0.08944379,0.04160707,0.00992857,0.00655535,0.04549081,0.06413907,0.03139094,0.03290595,0.0200838,0.01411851,0.1715483,0.2081371,0.1752724,0.1332337,0.07355709,0.1387701,0.02114044,0.05997383,0.05762225,0.07898513,0.1165634,0.1478234,0.07236931,0.1409953,0.04801351,0.07470832,0.07210006,0.1016,0.08735739,0.09663063,0.06105247,0.07297103,0.09299689,0.07360916,0.01511043,0.01113201,0.00844645,0.01321429,0.01881858,0.02177585,0.00471285,0.00840243,0.00927573,0.00765608,0.00273301,0.00423837,0.00874425,0.01315044,0.0638295,0.06126384,0.07313206,0.06444588,0.03913861,0.01761332,0.007389,0.00853322,0.0561197,0.01705491,0.01365247,0.03353671,0.01550612,0.0165369,0.04049741,0.05538682,0.06299397,0.1057588,0.01511274,0.03097119,0.02507861,0.03335581,0.00258202,0.00193376,0.00352416,0.0017427,0.02774126,0.02632678,0.04220045,0.04892979,0.136994,0.1056443
1.9,0.06140728,0.03134426,0.00762758,0.00674325,0.03338389,0.05205745,0.0306007,0.03530105,0.01728867,0.01222256,0.1432798,0.1721163,0.1573211,0.1127033,0.0556491,0.1192739,0.01817396,0.05185707,0.05623116,0.06863026,0.09002984,0.1207423,0.07818619,0.1209877,0.05549227,0.08373541,0.07879629,0.08698388,0.06702138,0.07124083,0.0576758,0.06970846,0.08799945,0.05960231,0.01429329,0.01045266,0.00753356,0.01048823,0.01765908,0.02668785,0.00489293,0.00666655,0.01025054,0.00567812,0.00274502,0.00413981,0.00906641,0.01188878,0.0572974,0.04875236,0.05948422,0.05328168,0.03791353,0.01516459,0.00623348,0.00770715,0.04723691,0.01485565,0.01382966,0.02891726,0.01186061,0.01722844,0.03903536,0.05613796,0.05331258,0.1037196,0.01429984,0.02651521,0.02208343,0.02704079,0.00241537,0.00229319,0.00303103,0.00137581,0.02214833,0.02779645,0.03785371,0.0441708,0.1212725,0.09582066
2,0.04408104,0.02868245,0.00632292,0.00697028,0.02777658,0.04271235,0.0303902,0.03817019,0.01673381,0.01119722,0.1083584,0.1457585,0.1405854,0.0969127,0.05262524,0.0926932,0.02089234,0.04076142,0.05027954,0.06304414,0.09098575,0.1407849,0.09067053,0.09240882,0.05267005,0.06734376,0.07650772,0.07910387,0.05887333,0.06324715,0.05428221,0.06425139,0.07847628,0.05375952,0.01302106,0.0096787,0.00702744,0.0089647,0.01733058,0.02699221,0.00525367,0.00590832,0.00793823,0.00456628,0.00315076,0.00337703,0.01094186,0.01265617,0.05258335,0.03793475,0.04774079,0.04677501,0.03529795,0.01478135,0.0057331,0.00675143,0.04473999,0.01414487,0.01007669,0.02605185,0.01202779,0.01646316,0.03833459,0.05577035,0.05417415,0.101854,0.01220715,0.02239534,0.02213795,0.02068112,0.00212275,0.00205594,0.0025327,0.00151353,0.01873598,0.0261858,0.03402202,0.03865754,0.1069721,0.0866733
2.2,0.03060471,0.03523955,0.00470091,0.0058709,0.02758014,0.04285055,0.02898919,0.03224551,0.01374352,0.01000371,0.08769026,0.09615098,0.111097,0.08698577,0.0417705,0.06188211,0.02610576,0.02759074,0.04519969,0.06383531,0.1041454,0.1516842,0.09879021,0.06653061,0.04256519,0.05712149,0.06605822,0.05881127,0.0446441,0.04694119,0.04685732,0.05961443,0.0496208,0.05387819,0.00991312,0.00608108,0.00559599,0.00826463,0.01063318,0.01896123,0.00568513,0.00578108,0.00690375,0.00494807,0.00324216,0.00332109,0.00905456,0.00927866,0.03060986,0.03854974,0.03728737,0.03768905,0.02730062,0.01307929,0.00458705,0.00497341,0.03985751,0.01002624,0.01127557,0.01745972,0.0130949,0.01467507,0.05285812,0.05416249,0.06807993,0.09802274,0.0101601,0.02137843,0.01761766,0.01602223,0.00223843,0.00150864,0.00190564,0.00128911,0.02501178,0.02306793,0.03311516,0.02825841,0.08267234,0.07062899
2.4,0.02461415,0.03286995,0.00390738,0.00507398,0.02776487,0.03689053,0.02636322,0.02164794,0.01306868,0.0088084,0.07670712,0.0830021,0.08657468,0.07709814,0.0314856,0.04947546,0.02375942,0.02599321,0.04807838,0.0627431,0.1028616,0.1278226,0.08036524,0.08134411,0.04215964,0.04873237,0.06397386,0.0545052,0.0477513,0.04486803,0.03906142,0.05157954,0.03972285,0.03857264,0.00676595,0.00434706,0.00553407,0.00653813,0.00857345,0.01700834,0.00579259,0.00376537,0.00601904,0.00488197,0.00248204,0.00271646,0.00878399,0.00980243,0.02402252,0.03528868,0.02872373,0.0296318,0.02367844,0.01027881,0.00362849,0.00371988,0.03525264,0.00708376,0.00870671,0.01258336,0.00944818,0.01241527,0.05601428,0.06372789,0.06964949,0.08627969,0.0088816,0.02034824,0.01408137,0.01391531,0.00226659,0.00150434,0.00141211,0.00122304,0.0300827,0.01750171,0.03232643,0.02392172,0.06488084,0.05754109
2.5,0.02652747,0.02885507,0.00359093,0.00414779,0.02122376,0.02765344,0.02307799,0.01930441,0.01410057,0.00928512,0.0709625,0.07641311,0.08604112,0.06992275,0.0301695,0.04480449,0.02103765,0.02485182,0.05771603,0.06021394,0.1097259,0.0996542,0.07458121,0.07924943,0.04615548,0.04372007,0.07073625,0.05997265,0.03971526,0.04490266,0.03524658,0.04709035,0.03978765,0.03530024,0.0053269,0.00414645,0.00554986,0.00731413,0.00731224,0.01741636,0.00535286,0.00380677,0.00613295,0.00484362,0.00284728,0.00250799,0.00849549,0.00919212,0.02771088,0.03308934,0.02513591,0.02604092,0.02205237,0.00905701,0.00328803,0.00342248,0.033093,0.00804011,0.00848403,0.01044305,0.00896828,0.01076568,0.05503638,0.05410961,0.07033334,0.08283117,0.00840437,0.01901332,0.01379674,0.0139848,0.00246256,0.00180005,0.00135656,0.00129554,0.03482281,0.01655368,0.03083711,0.02204648,0.05949336,0.05200984
2.6,0.02634029,0.02418444,0.00332771,0.00340786,0.01782788,0.02211475,0.02105213,0.01789323,0.01515596,0.00922342,0.06896748,0.06997515,0.0875673,0.06197989,0.02909773,0.03803441,0.02083399,0.02182,0.06746718,0.06720404,0.112342,0.09210724,0.06542899,0.06281123,0.04948638,0.03716808,0.07525142,0.05841412,0.0308521,0.03821328,0.03442889,0.04269304,0.03880973,0.03410534,0.00451901,0.00376626,0.00534477,0.00782387,0.00597016,0.01588941,0.00468365,0.00408864,0.00654424,0.00482084,0.0031228,0.00261019,0.0068729,0.00815894,0.031528,0.03004773,0.02199817,0.02319607,0.02039312,0.00787148,0.00302636,0.00330054,0.0310435,0.00804392,0.00790459,0.00850794,0.00880584,0.01036371,0.04674105,0.03991917,0.06902304,0.07754695,0.0078749,0.01776494,0.01303985,0.01375908,0.00259082,0.00203483,0.00154618,0.00119572,0.03774652,0.01540018,0.02935929,0.02024602,0.05776753,0.0470755
2.8,0.01763338,0.0235906,0.00298116,0.00311626,0.01459467,0.01997381,0.01933641,0.01376245,0.0177091,0.0092351,0.0780023,0.0591527,0.08561461,0.05571551,0.02310798,0.02309804,0.01722534,0.01749906,0.0777716,0.07717161,0.1061362,0.0859262,0.05287433,0.03793607,0.03828159,0.02925591,0.05473046,0.04675175,0.02983972,0.03242955,0.03273402,0.03474165,0.02803552,0.02940313,0.00409317,0.00319068,0.00458946,0.00760437,0.00460324,0.01062565,0.00337755,0.00392726,0.00778052,0.00574452,0.0026504,0.00283121,0.00515525,0.00480116,0.02843232,0.02155904,0.01694291,0.01817074,0.01716821,0.00576496,0.0026568,0.00268831,0.0272714,0.00594423,0.00603702,0.00674145,0.00770712,0.00804726,0.03700081,0.02840083,0.06184313,0.06458908,0.00691202,0.01577302,0.01111594,0.01070218,0.00308424,0.00249706,0.00173665,0.00126393,0.03271441,0.01708538,0.02639308,0.01752362,0.05109859,0.03877991
3,0.02243027,0.02092431,0.00218534,0.00309212,0.00989658,0.01654948,0.01729949,0.01381753,0.01348047,0.00799479,0.07386129,0.06457774,0.08280917,0.04847857,0.01925706,0.0202104,0.01528509,0.01854315,0.07550681,0.07070862,0.08647637,0.07642206,0.06780349,0.0363708,0.0291743,0.02752272,0.04095582,0.04822376,0.02628302,0.02833075,0.03185291,0.0312354,0.02740638,0.0233162,0.00388233,0.00296267,0.00384193,0.00601911,0.00398191,0.00658841,0.00331995,0.00259928,0.00753184,0.00727047,0.00237115,0.00249126,0.00559824,0.00391389,0.02149522,0.01818903,0.01322574,0.01595804,0.01423973,0.00459611,0.00238177,0.00223656,0.02594794,0.00612958,0.00417903,0.00531071,0.00708738,0.00659507,0.03784034,0.02821827,0.05296643,0.05612866,0.00546885,0.01403912,0.00926315,0.008707,0.00293697,0.00220349,0.00193319,0.00148834,0.0226291,0.02195757,0.02359775,0.01532694,0.04200014,0.03223775
3.2,0.02370698,0.01900166,0.00191512,0.00312041,0.00859135,0.01311841,0.01428296,0.01342994,0.0085499,0.00704615,0.07540052,0.06225521,0.08233264,0.041614,0.01719911,0.01908744,0.01429442,0.01624998,0.07454204,0.06417928,0.06917211,0.08369705,0.06998979,0.03835092,0.02578921,0.03179143,0.03783331,0.05274407,0.0294181,0.0297535,0.02897368,0.02691985,0.0254675,0.01789196,0.00377697,0.00240993,0.00331814,0.00637644,0.00303335,0.00584951,0.00311335,0.0019705,0.00786012,0.00704638,0.00250925,0.00224183,0.00607646,0.00451151,0.01731573,0.01884176,0.01051844,0.01398443,0.01170209,0.0039788,0.00213309,0.00180358,0.02458076,0.00736337,0.003298,0.00479718,0.00636542,0.00627257,0.03665564,0.02997059,0.04267793,0.0455868,0.00493552,0.01107412,0.00887965,0.00738442,0.00220767,0.00200587,0.00146989,0.0011415,0.02117448,0.01788206,0.02178552,0.01369501,0.03606366,0.02708817
3.4,0.02223039,0.01506927,0.00166396,0.0023166,0.00837597,0.0101108,0.01125967,0.01253054,0.00697842,0.00658908,0.07187872,0.05349066,0.0771166,0.03584793,0.01793138,0.01913625,0.01462299,0.01515799,0.06099981,0.05790192,0.0589194,0.07581246,0.07136559,0.04233821,0.02725452,0.03948276,0.03522616,0.04874944,0.02918794,0.03399157,0.03088779,0.02543116,0.0187906,0.01431778,0.00377006,0.00226482,0.00303022,0.0073014,0.00255345,0.00554072,0.00330463,0.00199559,0.00858831,0.00750337,0.00261621,0.00286164,0.00455968,0.00482686,0.01323512,0.01902517,0.00945873,0.01225132,0.00956776,0.00356275,0.00189362,0.0014376,0.02092744,0.00891287,0.00254224,0.0044808,0.00536843,0.00552998,0.03203487,0.03079925,0.03453572,0.03673234,0.00579243,0.00826313,0.00931835,0.00611772,0.00161942,0.00150429,0.00158397,0.00088844,0.01982418,0.01185334,0.01969003,0.01266671,0.03234441,0.02302545
3.5,0.0208751,0.01259334,0.00148883,0.00191755,0.00802642,0.00890816,0.01043647,0.01181127,0.00679352,0.00644117,0.06831483,0.05050747,0.07330558,0.03341831,0.01936583,0.02066322,0.01490315,0.01470018,0.05442251,0.05439895,0.05481725,0.06962951,0.07154027,0.04293887,0.027695,0.04139551,0.0331688,0.04802728,0.02860193,0.03726438,0.03087877,0.02455515,0.01739136,0.01257581,0.00353963,0.00203728,0.00260213,0.00756395,0.0024613,0.00508205,0.0030003,0.00207405,0.00835693,0.0071855,0.00226486,0.00301449,0.00421497,0.00503959,0.0120356,0.01979318,0.00889287,0.01147318,0.0086439,0.00344473,0.00177811,0.00128516,0.02004665,0.0086345,0.00230077,0.00429095,0.00594117,0.00539971,0.02778782,0.03193023,0.03078388,0.03350197,0.00548818,0.00771872,0.00938508,0.00584281,0.00148054,0.00141883,0.00167819,0.00081539,0.01880979,0.01151385,0.01919353,0.01265352,0.03065079,0.02132359
3.6,0.02047271,0.01047195,0.00160071,0.0017244,0.00747164,0.00786092,0.00960677,0.01089056,0.00641639,0.00600123,0.06394718,0.04839082,0.06998105,0.03126251,0.01971721,0.02203615,0.01550106,0.01543261,0.05158977,0.05050573,0.05317259,0.06462392,0.06852419,0.04399693,0.02797853,0.04112316,0.03121338,0.04595742,0.02963011,0.03924309,0.0283848,0.02342564,0.01683623,0.01142581,0.00317613,0.00183577,0.00244964,0.00751735,0.00238647,0.00452646,0.00268258,0.00207371,0.00785167,0.00688501,0.00208156,0.0029682,0.00450058,0.0052901,0.01184781,0.02084173,0.00832355,0.01074887,0.00780932,0.00331477,0.0016668,0.00118045,0.01889892,0.00773501,0.00217923,0.00408464,0.00612437,0.00526128,0.02453599,0.03163534,0.02728592,0.03029952,0.00519578,0.00719107,0.00922148,0.00565318,0.00149803,0.00127682,0.00180641,0.00067398,0.0175939,0.01221264,0.01843712,0.01220911,0.02906618,0.01980571
3.8,0.02187828,0.00787231,0.00176074,0.00156845,0.00616321,0.0061856,0.00793897,0.01096666,0.00569588,0.00628518,0.05381616,0.04544682,0.06249822,0.02764888,0.02243107,0.02352723,0.01746454,0.01527893,0.04431295,0.04193825,0.05311507,0.05707598,0.05723787,0.03770438,0.02907404,0.03812206,0.03144633,0.03897902,0.02924029,0.0403652,0.02347768,0.02071514,0.01560857,0.00933832,0.0027467,0.00164119,0.00260221,0.00689042,0.00216708,0.00400796,0.0025967,0.00180882,0.00668188,0.006312,0.00231699,0.00299056,0.00445877,0.00545224,0.01073966,0.02215339,0.0074894,0.00945059,0.00661083,0.00303519,0.00146054,0.00098888,0.01646262,0.00602221,0.00192117,0.00364695,0.00484226,0.00476107,0.01692614,0.02759412,0.02344804,0.02504571,0.00449379,0.0062163,0.00821329,0.00547787,0.00149041,0.00094853,0.00182192,0.00069753,0.01754928,0.01203018,0.01795003,0.01046139,0.0261791,0.01723091
4,0.02006246,0.00624555,0.00148351,0.00150718,0.00553093,0.0048802,0.00634355,0.01112535,0.0062833,0.00655296,0.04330777,0.03820027,0.05381225,0.02474081,0.02391827,0.02269409,0.01880168,0.01673625,0.03629077,0.03315034,0.04802041,0.06102384,0.0520626,0.03194891,0.02625352,0.04113212,0.02800169,0.04166722,0.02913402,0.03291485,0.02023612,0.0179417,0.01309953,0.00767464,0.00267446,0.00143469,0.00253499,0.00664596,0.00191289,0.00333673,0.00293625,0.00163036,0.00600059,0.00623287,0.00253768,0.00295091,0.0038513,0.00529633,0.01066726,0.02118764,0.00706137,0.0083326,0.00587843,0.00274988,0.00127996,0.00080704,0.01444278,0.00492956,0.0016997,0.00320642,0.00395409,0.00474822,0.0130791,0.02215691,0.02032672,0.02285996,0.00418535,0.00541027,0.00665797,0.00559014,0.00142571,0.00067993,0.00181156,0.00075737,0.01957057,0.01073701,0.01689637,0.00871909,0.02364372,0.01568758
4.2,0.01838213,0.00509111,0.00112129,0.0012606,0.00464286,0.00456747,0.0053542,0.01038243,0.00650084,0.00644302,0.03416824,0.02937653,0.04839705,0.02230748,0.02356154,0.02074294,0.01872869,0.01641938,0.02928346,0.02652906,0.04975901,0.06493039,0.05513732,0.0286685,0.02845008,0.04935487,0.02148306,0.05231026,0.02643859,0.02648712,0.01829292,0.01580032,0.01129649,0.00694251,0.00226698,0.00130217,0.00210268,0.00631003,0.00176024,0.00275156,0.00381747,0.0015169,0.00539476,0.00679129,0.00252465,0.00270544,0.00381606,0.00517858,0.01010658,0.01882429,0.00663704,0.00737313,0.00524676,0.00247547,0.00112606,0.00071295,0.012841,0.00483538,0.00160539,0.00279181,0.00417653,0.00430583,0.01092084,0.01719982,0.01739348,0.02047128,0.0039115,0.00478475,0.0053475,0.00562581,0.00130215,0.00059246,0.00180499,0.00081182,0.01562846,0.01000896,0.01541278,0.00789316,0.02140976,0.01403986
4.4,0.01551187,0.00470123,0.00099249,0.00143553,0.00365608,0.00462563,0.00465913,0.00855438,0.0062992,0.00604216,0.03036503,0.0254359,0.04349614,0.0201855,0.01993753,0.01860907,0.01758799,0.01527887,0.02404786,0.02296868,0.05514265,0.05469476,0.05399717,0.02204321,0.02444041,0.05362531,0.01734176,0.05619407,0.02256678,0.02464548,0.01650617,0.01407955,0.00945231,0.00622252,0.00187319,0.00123015,0.00162223,0.00565076,0.00164329,0.00237658,0.00380454,0.00190572,0.00516977,0.00618814,0.00204808,0.00255061,0.00398149,0.00491843,0.00924164,0.01622506,0.00621977,0.00654679,0.00470028,0.0022198,0.00099713,0.00063235,0.01173652,0.00454935,0.00167485,0.00253223,0.00429789,0.00352702,0.00878959,0.01349836,0.01548334,0.01812459,0.00326135,0.00431363,0.00488744,0.00558875,0.0011279,0.00052119,0.00158624,0.0008552,0.01084874,0.00858864,0.01367313,0.00692122,0.01944592,0.01235071
4.6,0.01204966,0.00450881,0.00094604,0.00144215,0.00303253,0.00448836,0.00401005,0.00669165,0.00619165,0.00548153,0.02664016,0.02157668,0.03905866,0.01827403,0.01575627,0.01800761,0.01528827,0.01426922,0.02211995,0.02018861,0.05668334,0.04464905,0.04880363,0.02026591,0.02446365,0.04997575,0.01681395,0.05200087,0.01849804,0.02124893,0.01488504,0.01454978,0.00782383,0.00568087,0.00163811,0.00114049,0.00161736,0.00491281,0.00150477,0.00206874,0.00316981,0.00205233,0.00516333,0.00479368,0.00194083,0.00264734,0.00451639,0.00430909,0.009669,0.0140442,0.00581482,0.00583401,0.00422602,0.00198749,0.00089017,0.0005621,0.01059427,0.00485534,0.00169837,0.00230897,0.00393254,0.00333459,0.00712505,0.01071714,0.0141931,0.01595816,0.00277879,0.00395865,0.00424946,0.0057013,0.00094772,0.00047515,0.00125128,0.00072985,0.00828459,0.006888,0.01197567,0.00591031,0.01771202,0.01085836
4.8,0.01013771,0.00423032,0.00093042,0.00125512,0.00378162,0.00406949,0.0034323,0.00611507,0.00643487,0.00591092,0.02532538,0.01782359,0.03503022,0.01651488,0.0137568,0.01773315,0.01320158,0.01383193,0.02465878,0.01832198,0.06002618,0.03548893,0.03935438,0.01953457,0.02385005,0.04269033,0.01573858,0.04448929,0.01402677,0.01952559,0.01342808,0.01497086,0.00649654,0.00535857,0.00150444,0.00099792,0.00167651,0.0041826,0.00134597,0.00181914,0.00292226,0.00191732,0.00447328,0.00446021,0.00174005,0.00297489,0.00395898,0.00377791,0.01232519,0.0140655,0.00542688,0.00521781,0.0038131,0.00177972,0.00080172,0.00050203,0.00948029,0.00460112,0.00147357,0.00205691,0.00330238,0.00314447,0.00602624,0.00887486,0.01299197,0.01402961,0.00228114,0.00368365,0.00359314,0.00557041,0.00083687,0.00042798,0.0011064,0.00054607,0.00739795,0.00696521,0.01048046,0.00495597,0.01617933,0.00985721
5,0.00819072,0.00413331,0.0008578,0.00107032,0.00398617,0.00352308,0.00293414,0.00509803,0.00677175,0.00643232,0.02944393,0.01661517,0.0316721,0.01488291,0.01230806,0.016982,0.01224532,0.01330772,0.02543318,0.01655284,0.0557434,0.02886687,0.0294996,0.01689176,0.02041561,0.03504436,0.01300779,0.03797723,0.01109722,0.01899168,0.01212724,0.01473848,0.0054619,0.00497121,0.00136809,0.00082061,0.00152975,0.00354922,0.00118116,0.00161662,0.00339161,0.00172341,0.00482472,0.00434982,0.00158353,0.00268083,0.00402484,0.00316596,0.01365741,0.01415274,0.00505934,0.00468363,0.00345241,0.00159535,0.00072841,0.0004588,0.00843279,0.00407946,0.00141446,0.00180741,0.00335843,0.00272539,0.00569444,0.00776483,0.01188718,0.01252716,0.00182626,0.00346047,0.00301829,0.00530466,0.00071547,0.00037166,0.00095781,0.0004749,0.00647853,0.00558085,0.00942638,0.00423041,0.01482345,0.00899912
5.5,0.0050394,0.00369844,0.00063061,0.00081191,0.00313325,0.00250379,0.00201203,0.00357113,0.0065677,0.00664681,0.03050666,0.01501748,0.02358766,0.01129453,0.01161888,0.01931271,0.01327648,0.01719014,0.02501614,0.01256678,0.04212691,0.0202891,0.01903226,0.01033621,0.0179656,0.02452007,0.00914584,0.02756538,0.01255921,0.01323857,0.00947738,0.01184181,0.00383271,0.0039232,0.00097826,0.00057846,0.000985,0.00214973,0.00093417,0.00123459,0.00292558,0.0010876,0.00357238,0.00483986,0.00154762,0.00219052,0.004566,0.00244186,0.01430121,0.0141913,0.00424003,0.00363084,0.00273209,0.00122532,0.00059291,0.00038456,0.00620453,0.00291669,0.00101633,0.00128733,0.00244048,0.00212739,0.00560505,0.00539775,0.00954869,0.00999614,0.00137803,0.00301223,0.00211199,0.00488613,0.00046364,0.00027578,0.00060894,0.00035603,0.00485627,0.00382637,0.00743205,0.00285691,0.01205332,0.00731335
6,0.00377229,0.00232122,0.00049941,0.00055094,0.00227753,0.00200075,0.00158539,0.00301923,0.00544301,0.00620924,0.02577128,0.01345263,0.01892063,0.00922549,0.01218826,0.02229551,0.01410868,0.01977844,0.02225537,0.0103497,0.02917396,0.01670096,0.01425054,0.00862481,0.02129637,0.01870408,0.00777733,0.02124281,0.01006262,0.0115914,0.00752301,0.00884797,0.00298432,0.00304825,0.00066002,0.00040693,0.00085385,0.00141581,0.00077152,0.00095787,0.0027549,0.00102724,0.00396004,0.00570835,0.0014044,0.00199728,0.00423698,0.00182977,0.01635439,0.01288869,0.00356275,0.00287348,0.00220342,0.0010342,0.00050079,0.00032655,0.00470822,0.00172937,0.00082705,0.00094781,0.00150962,0.0017761,0.00488349,0.00462075,0.00774325,0.00808363,0.00108026,0.0026231,0.00178929,0.00423475,0.00032666,0.00019826,0.00043812,0.00023118,0.00370767,0.00290937,0.00623731,0.00236098,0.00996078,0.0060792
6.5,0.00313321,0.00184058,0.0003849,0.00046538,0.00209599,0.00164106,0.0012663,0.00256594,0.00490443,0.00564933,0.02298014,0.01230688,0.01683809,0.00879965,0.01165258,0.01837791,0.013175,0.01769595,0.01923272,0.00920598,0.01880411,0.01544109,0.0127739,0.01049656,0.02422423,0.01147427,0.0064322,0.01458203,0.01063078,0.0121402,0.00607349,0.00633563,0.00247279,0.00244461,0.000546,0.00032938,0.00068162,0.0010522,0.00060815,0.00075945,0.00282477,0.00097064,0.00418905,0.00503146,0.0014529,0.00136777,0.00375932,0.0020252,0.01262371,0.01292328,0.00301167,0.00231711,0.00180751,0.00086052,0.00043315,0.0002786,0.00384551,0.00118654,0.0006497,0.00076218,0.00126475,0.00112112,0.00361465,0.00342565,0.00635756,0.00664603,0.00094891,0.00226329,0.00166545,0.00348878,0.00026042,0.00014401,0.00034466,0.00015408,0.00277688,0.00220984,0.00515997,0.00204802,0.00835241,0.00514054
7,0.00244543,0.00158467,0.00033005,0.00036785,0.00185243,0.00138573,0.00102454,0.00209099,0.0045273,0.00508184,0.01988045,0.01222385,0.01448409,0.00965457,0.00950209,0.01400444,0.01075767,0.01492211,0.01640291,0.01058316,0.01809831,0.01512977,0.01507616,0.01030497,0.02507577,0.00833277,0.00566773,0.00891979,0.01316477,0.01120001,0.0049861,0.00534782,0.00211158,0.00205234,0.00042917,0.00029032,0.00053528,0.00084294,0.00050398,0.00063554,0.00225786,0.00089529,0.00318073,0.00411673,0.0012389,0.00116238,0.00279053,0.00143385,0.00835843,0.01148097,0.00256524,0.00190009,0.00150537,0.00073908,0.00038018,0.0002387,0.00319048,0.00098561,0.0005243,0.00062495,0.00109248,0.00086178,0.00314397,0.00236894,0.00528855,0.00555727,0.0008291,0.00193841,0.00152894,0.00295795,0.00021981,0.00011239,0.0002752,0.00012388,0.00213382,0.00181552,0.00393043,0.00176581,0.00709495,0.00440617
7.5,0.00187372,0.00121338,0.00030948,0.00029057,0.00171082,0.00118453,0.00084165,0.00165737,0.00443443,0.00465112,0.01703915,0.01313398,0.01308644,0.01005381,0.00693112,0.01123459,0.00819162,0.01225908,0.0140749,0.01189397,0.01692729,0.01415963,0.01526952,0.00787824,0.0246339,0.01009028,0.00463519,0.00815936,0.01419709,0.01126152,0.00415843,0.00442316,0.00182996,0.00178934,0.00033373,0.00025763,0.0004292,0.00067817,0.00046605,0.00054079,0.00183548,0.00091606,0.0026751,0.0032733,0.00091445,0.00114795,0.00195313,0.00112348,0.00762806,0.01123658,0.00220285,0.00158158,0.00129714,0.00064067,0.00033683,0.00020562,0.00268413,0.00082739,0.00044625,0.00053611,0.00082725,0.00076071,0.00317412,0.00196451,0.00445539,0.00472086,0.00067091,0.00165418,0.00133561,0.00243517,0.00018586,8.661e-05,0.00021639,0.00012019,0.00181552,0.00127371,0.00309919,0.0015433,0.00609652,0.00381912
8,0.00167266,0.00092769,0.00028119,0.00022499,0.00142076,0.00101309,0.00070221,0.0013211,0.00408529,0.00414977,0.01451939,0.01352173,0.01201262,0.01000423,0.00551932,0.00979071,0.00684067,0.01023248,0.01189133,0.01330282,0.01672421,0.01222811,0.0149144,0.00707917,0.02380773,0.01023318,0.00348657,0.00733002,0.01347302,0.01218176,0.00351836,0.00359398,0.00159995,0.00159708,0.00026893,0.00023008,0.00038582,0.00056201,0.00042487,0.00046694,0.0015871,0.00089278,0.00215663,0.00275261,0.00089168,0.00096413,0.00168995,0.00109842,0.00744908,0.00993418,0.00190712,0.00133477,0.00113029,0.00056019,0.00030035,0.00017829,0.00256491,0.00070518,0.00039858,0.00047513,0.00057574,0.00061415,0.00290581,0.0017252,0.00379834,0.00406735,0.00059556,0.00141219,0.0011103,0.00203676,0.00015461,7.017e-05,0.00017069,0.00010632,0.00156235,0.00109636,0.00263933,0.00148388,0.00529233,0.00334177
8.5,0.00151544,0.00077867,0.00024819,0.00021195,0.00108054,0.0008664,0.00061462,0.00108578,0.00340955,0.00349171,0.01177237,0.01240033,0.01186022,0.00944882,0.00470251,0.00882656,0.00575168,0.00817406,0.01087239,0.01321348,0.01534321,0.01259213,0.01488851,0.00740348,0.02244634,0.00812706,0.00269156,0.00669879,0.01135916,0.01191252,0.00301538,0.00291647,0.00140832,0.00144252,0.00024141,0.00020886,0.00034758,0.00048213,0.00038088,0.00040814,0.00121774,0.00079925,0.00172702,0.00238158,0.00091712,0.00081276,0.00155542,0.00115807,0.00693584,0.00860841,0.00166407,0.00115764,0.00099038,0.00049364,0.00026914,0.00015572,0.00229932,0.00063334,0.00036677,0.00042184,0.00040733,0.00050137,0.00245928,0.00141322,0.00327348,0.0035478,0.00050815,0.00120976,0.00096198,0.00169434,0.00012785,6.254e-05,0.0001375,9.567e-05,0.0013839,0.00111167,0.0022755,0.00140103,0.00463636,0.00294818
9,0.00137267,0.00073332,0.00021515,0.00018818,0.00082136,0.00074525,0.0005524,0.00092694,0.00304413,0.00279443,0.01058753,0.01097431,0.01145006,0.00819708,0.00410891,0.008662,0.00492977,0.00672987,0.00994514,0.01234938,0.01531784,0.01185189,0.01618049,0.00730896,0.02051328,0.00717252,0.00249149,0.00626285,0.01009511,0.01100694,0.00261401,0.00258834,0.00124711,0.00130942,0.00021179,0.00019092,0.00029562,0.00041818,0.00033733,0.00035992,0.00100051,0.00055598,0.00144433,0.00194777,0.0006626,0.0005483,0.00148941,0.00108472,0.00657467,0.00718874,0.00146275,0.00100818,0.0008728,0.00043809,0.00024218,0.00013702,0.00245862,0.00054961,0.00034186,0.00038035,0.00035823,0.00043786,0.00195706,0.00121408,0.00284904,0.00312778,0.00045223,0.00104205,0.00091521,0.00147986,0.00011599,5.768e-05,0.00011484,8.212e-05,0.00128403,0.00108964,0.0019718,0.00131328,0.00409458,0.00261984
9.5,0.00123734,0.0006996,0.00018549,0.00015605,0.00068195,0.00064901,0.00049524,0.00081657,0.00259776,0.00227222,0.00966847,0.00964996,0.0107345,0.00739039,0.00373972,0.008105,0.00430248,0.00584502,0.00877843,0.01086032,0.01536897,0.01037651,0.01750697,0.00662073,0.0193908,0.00549908,0.00237432,0.00508003,0.00879765,0.01058837,0.00228907,0.00231712,0.00111064,0.00119061,0.00018421,0.00017352,0.00024337,0.00036164,0.00029694,0.00031939,0.00097908,0.00040719,0.00137367,0.00171501,0.00050819,0.00041927,0.00130674,0.00110982,0.00690684,0.00644564,0.00129465,0.0008822,0.00077358,0.0003913,0.00021874,0.00012169,0.00259231,0.00046533,0.00031938,0.00034427,0.00030175,0.00038243,0.00155758,0.00111989,0.00250176,0.00278292,0.00040564,0.00090365,0.00085378,0.0013372,0.00010453,5.346e-05,9.804e-05,6.765e-05,0.00116003,0.00094867,0.00173049,0.0012149,0.00364227,0.00234308
10,0.00111053,0.00064472,0.00016072,0.00012652,0.00062227,0.00057422,0.00044381,0.00073379,0.00213995,0.00197728,0.00861969,0.00872604,0.00940026,0.00644588,0.00350141,0.00756027,0.00380662,0.00495012,0.00754014,0.00889366,0.01530013,0.00865565,0.01790198,0.00592628,0.01772766,0.0041379,0.00218784,0.00400021,0.00747267,0.00973441,0.00202248,0.00208286,0.00099449,0.00108315,0.00016061,0.00015609,0.00020449,0.0003179,0.00026117,0.00028478,0.00099714,0.00034914,0.00123611,0.00147843,0.00041486,0.00033352,0.00109208,0.00098704,0.00688339,0.00627442,0.00115318,0.00077584,0.00068947,0.00035155,0.00019826,0.00011049,0.00237905,0.00038979,0.00029759,0.00031245,0.00026668,0.0003369,0.00130141,0.00101809,0.00221433,0.00249577,0.00034847,0.00078942,0.00078461,0.00120991,9.364e-05,4.918e-05,8.641e-05,5.812e-05,0.00106844,0.0008013,0.00156105,0.00111459,0.00326093,0.00210768
11,0.00089159,0.00049814,0.00012542,8.751e-05,0.00054703,0.00046979,0.0003579,0.0006067,0.00137039,0.00148839,0.00650407,0.00733363,0.00754441,0.00541862,0.00310777,0.00700733,0.00300225,0.00368612,0.0053138,0.00665671,0.01275948,0.00534762,0.01691076,0.00593111,0.01359133,0.00306062,0.00173323,0.00391035,0.00517334,0.00841588,0.00161517,0.00170361,0.0008128,0.00089792,0.00012896,0.0001242,0.00017051,0.0002507,0.00020443,0.00022929,0.00105369,0.00023398,0.00081035,0.0009259,0.00040466,0.00026016,0.00071001,0.00060811,0.00545065,0.00548275,0.00093072,0.0006476,0.00055631,0.00028821,0.0001645,9.209e-05,0.00176919,0.00029374,0.00025512,0.00025919,0.00022997,0.00027167,0.00114655,0.00082056,0.00177107,0.00204721,0.00029726,0.00061616,0.00064379,0.00099681,7.432e-05,4.073e-05,7.063e-05,4.895e-05,0.00092427,0.00065514,0.00129888,0.00091576,0.00265841,0.0017315
12,0.00072328,0.00038483,0.00010371,6.936e-05,0.00042506,0.00039888,0.0002999,0.00050391,0.00091088,0.00111413,0.00471982,0.00584286,0.00562855,0.00428696,0.0026429,0.0055099,0.00232416,0.00282281,0.00451575,0.00570054,0.00888278,0.00415932,0.01250373,0.00626518,0.00979952,0.00265007,0.00142556,0.00299258,0.00358503,0.00690956,0.0013225,0.00141495,0.00068971,0.00074815,0.00011182,0.00010013,0.00015879,0.00020269,0.00017596,0.00018782,0.00086565,0.00021109,0.00063002,0.00061122,0.0003678,0.00019895,0.00044313,0.00048187,0.00496897,0.00434924,0.00076627,0.00055132,0.0004573,0.00024052,0.00013819,7.776e-05,0.00128597,0.00023219,0.00021591,0.00021713,0.00017619,0.00022891,0.0008493,0.00066638,0.00144986,0.00171503,0.00025426,0.00049478,0.00051824,0.00082975,5.883e-05,3.324e-05,5.946e-05,3.882e-05,0.00082747,0.00054866,0.00109114,0.00073023,0.00220914,0.00144735
13,0.00059881,0.00032736,8.943e-05,5.987e-05,0.00035596,0.00034369,0.00025842,0.00041838,0.0006962,0.00082931,0.0036872,0.00469669,0.00439892,0.00321212,0.00213744,0.00399503,0.00175538,0.0020992,0.00374443,0.00448677,0.00681844,0.00336969,0.0089752,0.00602429,0.00751283,0.00203249,0.00122369,0.00276822,0.0029051,0.00491161,0.00110474,0.00119147,0.00059379,0.00062857,9.771e-05,8.339e-05,0.0001417,0.00017395,0.0001516,0.00015664,0.00063798,0.00017763,0.00049725,0.00039793,0.00034114,0.00016369,0.00034171,0.00034498,0.00340439,0.00361206,0.00064159,0.00047464,0.00038209,0.00020376,0.00011744,6.64e-05,0.00099135,0.00018418,0.00018186,0.00018382,0.00014215,0.00019758,0.00065172,0.00055921,0.00120973,0.00146071,0.00021228,0.00040734,0.00041551,0.00069839,4.691e-05,2.712e-05,5.04e-05,2.976e-05,0.0005629,0.00050566,0.00091691,0.0005771,0.00186529,0.00122762
14,0.000507,0.00029984,7.883e-05,5.279e-05,0.00027889,0.00029754,0.00022453,0.00034907,0.00053208,0.00062721,0.00311934,0.0036811,0.00374266,0.00236688,0.00167182,0.00351304,0.00138219,0.00155036,0.00307577,0.00334144,0.00536986,0.00261253,0.00684738,0.00467412,0.00600394,0.00148243,0.00103391,0.00186956,0.00241284,0.00351699,0.00093806,0.00101574,0.00051696,0.00053353,8.492e-05,7.133e-05,0.00011824,0.00014937,0.00013074,0.00013497,0.00053073,0.00014319,0.00041902,0.00031611,0.00022802,0.00015399,0.00035812,0.00026825,0.00239235,0.00290192,0.00054498,0.00041269,0.0003238,0.00017484,0.00010085,5.729e-05,0.00079279,0.00015717,0.00015347,0.00015728,0.00012303,0.00017212,0.00059535,0.00048444,0.00102546,0.00126079,0.00017573,0.0003425,0.00033482,0.0005942,3.791e-05,2.233e-05,4.273e-05,2.77e-05,0.00048043,0.00047968,0.00077367,0.00046298,0.00159628,0.00105431
15,0.00043798,0.00027902,7.015e-05,4.63e-05,0.00021196,0.00025833,0.00019657,0.00029422,0.00041426,0.00051538,0.00263103,0.00288511,0.00317647,0.00197706,0.00128898,0.00298956,0.00124109,0.00124067,0.00252634,0.00273097,0.00398853,0.00199218,0.00541736,0.00323175,0.00474897,0.00117268,0.0008558,0.00133588,0.00201472,0.00301712,0.00080731,0.0008755,0.00045413,0.00045777,7.37e-05,6.192e-05,9.504e-05,0.00012761,0.00011319,0.00011825,0.0004637,0.00011379,0.00036143,0.00025847,0.0001546,0.00012472,0.0003289,0.00018502,0.00194291,0.00234812,0.00046867,0.00036196,0.00027781,0.00015168,8.744e-05,4.988e-05,0.00063096,0.000135,0.00013031,0.00013595,0.00011257,0.00015034,0.00048532,0.00042839,0.00088087,0.0011003,0.00014555,0.00029304,0.00027257,0.00051071,3.113e-05,1.916e-05,3.627e-05,2.628e-05,0.00035782,0.00042481,0.00065959,0.00038152,0.00138182,0.00091524
20,0.00025263,0.0001507,4.062e-05,2.39e-05,0.00014028,0.00013866,0.00011121,0.0001616,0.0002097,0.00022999,0.00121787,0.00132309,0.00166048,0.0009134,0.00059052,0.00133677,0.00064567,0.00056684,0.0010717,0.00113118,0.00158847,0.00078181,0.0029537,0.00164363,0.00177637,0.00095326,0.00047054,0.00062302,0.00090545,0.00118329,0.00043893,0.00047308,0.00026139,0.00024546,4.047e-05,3.293e-05,4.453e-05,7.073e-05,6.067e-05,6.624e-05,0.00019001,5.459e-05,0.00015375,0.00016086,6.205e-05,4.875e-05,0.00015612,0.00011295,0.00078178,0.00087008,0.00025587,0.00020794,0.00014827,8.419e-05,4.805e-05,2.783e-05,0.00029311,7.95e-05,6.597e-05,7.516e-05,6.091e-05,7.883e-05,0.00021909,0.00024955,0.00047481,0.00062597,7.894e-05,0.00015981,0.00013126,0.00027138,1.754e-05,1.093e-05,2.059e-05,1.365e-05,0.00016333,0.00015389,0.00035853,0.00021079,0.00076201,0.00050875